,ground CCSDE,1A1 (4s),2A1 (3pz),3A1 (3s),4A1 (3d),5A1 (3pz),1A2 (3d),2A2 (4d),1B1 (5px),2B1 (3px),3B1 (3d),4B1 (4px),5B1 (4d), 1B1 (2py),2B2 (3py),3B2 (3d),4B2 (4py),5B2 (4d)
0.5,-3.019779276,-3.024101754,-2.943871709,-2.934221991,-2.92632207,-2.908134608,-2.925644317,-2.880438752,-3.003753543,-2.929012925,-2.926144624,-2.895837895,-2.881349959,-3.003753543,-2.929012925,-2.926144624,-2.895837895,-2.881349959
0.51,-3.032520337,-3.034969766,-2.955200115,-2.945105854,-2.937261194,-2.919140772,-2.936558272,-2.891346465,-3.014657259,-2.939929127,-2.937076481,-2.906756207,-2.892289471,-3.014657259,-2.939929127,-2.937076481,-2.906756207,-2.892289471
0.52,-3.044465236,-3.044831117,-2.965594548,-2.95502577,-2.947248784,-2.929207133,-2.946520427,-2.90130214,-3.024606087,-2.949892644,-2.947056664,-2.91672179,-2.902277191,-3.024606087,-2.949892644,-2.947056664,-2.91672179,-2.902277191
0.53,-3.055684482,-3.053767213,-2.975127722,-2.964058451,-2.956360092,-2.938408775,-2.955606046,-2.910381037,-3.03367535,-2.958978758,-2.956160423,-2.925809923,-2.911388366,-3.03367535,-2.958978758,-2.956160423,-2.925809923,-2.911388366
0.54,-3.066241728,-3.061852744,-2.983866063,-2.972274099,-2.964663976,-2.946814126,-2.963883999,-2.918652027,-3.041933986,-2.967256365,-2.964456615,-2.934089495,-2.919691852,-3.041933986,-2.967256365,-2.964456615,-2.934089495,-2.919691852
0.55,-3.076194517,-3.069156182,-2.991870351,-2.979737015,-2.972223518,-2.954485585,-2.971417382,-2.926178204,-3.049445154,-2.974788581,-2.972008067,-2.941623617,-2.927250712,-3.049445154,-2.974788581,-2.972008067,-2.941623617,-2.927250712
0.56,-3.085594923,-3.075740263,-2.999196276,-2.986506142,-2.979096571,-2.9614801,-2.97826406,-2.93301743,-3.056266792,-2.981633295,-2.978873154,-2.948470173,-2.934122831,-3.056266792,-2.981633295,-2.978873154,-2.948470173,-2.934122831
0.57,-3.094490097,-3.081662468,-3.005894935,-2.992635556,-2.985336242,-2.967849708,-2.984477152,-2.939222825,-3.062452092,-2.987843652,-2.985104725,-2.954682301,-2.940361297,-3.062452092,-2.987843652,-2.985104725,-2.954682301,-2.940361297
0.58,-3.102922747,-3.086975475,-3.01201327,-2.998174913,-2.990991334,-2.973642027,-2.990105473,-2.9448432,-3.068049944,-2.993468487,-2.990751581,-2.960308833,-2.94601491,-3.068049944,-2.993468487,-2.990751581,-2.960308833,-2.94601491
0.59,-3.11093155,-3.091727582,-3.017594452,-3.003169844,-2.996106725,-2.978900698,-2.995193917,-2.949923448,-3.073105318,-2.998552719,-2.995858602,-2.965394681,-2.951128548,-3.073105318,-2.998552719,-2.995858602,-2.965394681,-2.951128548
0.6,-3.118551526,-3.095963101,-3.02267823,-3.00766232,-3.000723727,-2.983665792,-2.999783809,-2.954504891,-3.077659616,-3.003137692,-3.000467101,-2.969981189,-2.955743519,-3.077659616,-3.003137692,-3.000467101,-2.969981189,-2.955743519
0.61,-3.125814364,-3.099722714,-3.02730124,-3.011690972,-3.004880393,-2.987974159,-3.003913217,-2.958625592,-3.081750984,-3.007261498,-3.00461513,-2.97410644,-2.959897872,-3.081750984,-3.007261498,-3.00461513,-2.97410644,-2.959897872
0.62,-3.132748722,-3.1030438,-3.031497289,-3.015291405,-3.008611798,-2.991859715,-3.007617236,-2.962320642,-3.085414598,-3.010959251,-3.008337769,-2.977805547,-2.963626682,-3.085414598,-3.010959251,-3.008337769,-2.977805547,-2.963626682
0.63,-3.139380503,-3.105960738,-3.035297561,-3.018496385,-3.011950302,-2.995353981,-3.010928241,-2.965622411,-3.088682912,-3.014263351,-3.011667373,-2.9811109,-2.966962306,-3.088682912,-3.014263351,-3.011667373,-2.9811109,-2.966962306
0.64,-3.145733099,-3.108505164,-3.038730908,-3.021336218,-3.014925773,-2.998485773,-3.013876316,-2.968560774,-3.091585889,-3.017203705,-3.014633811,-2.984052396,-2.969934608,-3.091585889,-3.017203705,-3.014633811,-2.984052396,-2.969934608
0.65,-3.151827624,-3.110706213,-3.041824011,-3.023838838,-3.017565794,-3.001281867,-3.016488738,-2.971163332,-3.094151212,-3.019807941,-3.017264666,-2.986657652,-2.972571171,-3.094151212,-3.019807941,-3.017264666,-2.986657652,-2.972571171
0.66,-3.157683122,-3.112590819,-3.044601586,-3.026030046,-3.019895867,-3.003766926,-3.018791136,-2.973455588,-3.09640447,-3.022101591,-3.019585427,-2.988952191,-2.974897487,-3.09640447,-3.022101591,-3.019585427,-2.988952191,-2.974897487
0.67,-3.163316768,-3.114183584,-3.04708645,-3.027933686,-3.021939556,-3.00596414,-3.02080709,-2.97546112,-3.098369326,-3.024108288,-3.021619656,-2.990959618,-2.976937127,-3.098369326,-3.024108288,-3.021619656,-2.990959618,-2.976937127
0.68,-3.168744039,-3.115507473,-3.049299865,-3.029571807,-3.02371862,-3.007894681,-3.022558413,-2.977201739,-3.100067674,-3.02584982,-3.023389163,-2.992701758,-2.978711875,-3.100067674,-3.02584982,-3.023389163,-2.992701758,-2.978711875
0.69,-3.173978883,-3.116583599,-3.051261501,-3.030964805,-3.025253278,-3.009578246,-3.024065291,-2.978697629,-3.101519791,-3.027346419,-3.024914115,-2.994198821,-2.980241908,-3.101519791,-3.027346419,-3.024914115,-2.994198821,-2.980241908
0.7,-3.179033873,-3.117431482,-3.052989584,-3.032131562,-3.026562176,-3.011033329,-3.025346412,-2.979967478,-3.102744452,-3.028616801,-3.026213189,-2.995469519,-2.981545899,-3.102744452,-3.028616801,-3.026213189,-2.995469519,-2.981545899
0.71,-3.183920339,-3.118069176,-3.054501076,-3.033089564,-3.027662626,-3.012276862,-3.02641909,-2.981028594,-3.103759055,-3.029678302,-3.027303681,-2.996531185,-2.982641139,-3.103759055,-3.029678302,-3.027303681,-2.996531185,-2.982641139
0.72,-3.188648499,-3.118513386,-3.055811721,-3.033855007,-3.028570653,-3.013324651,-3.027299364,-2.981897016,-3.104579802,-3.030546988,-3.028201499,-2.997399877,-2.983543437,-3.104579802,-3.030546988,-3.028201499,-2.997399877,-2.983543437
0.73,-3.193227573,-3.118779576,-3.056936157,-3.034442904,-3.029301114,-3.014191382,-3.028002105,-2.982587611,-3.105221513,-3.031237778,-3.028921725,-2.998090346,-2.984268066,-3.105221513,-3.031237778,-3.028921725,-2.998090346,-2.984268066
0.74,-3.197665889,-3.118882076,-3.057887991,-3.034867172,-3.029867785,-3.014890705,-3.028541104,-2.983114167,-3.105698103,-3.031764441,-3.029478031,-2.998616693,-2.984828572,-3.105698103,-3.031764441,-3.029478031,-2.998616693,-2.984828572
0.75,-3.201970976,-3.118834165,-3.058679887,-3.035140725,-3.030283446,-3.015435312,-3.028929068,-2.983489235,-3.10602247,-3.032139821,-3.029883195,-2.99899159,-2.985237748,-3.10602247,-3.032139821,-3.029883195,-2.99899159,-2.985237748
0.76,-3.206149652,-3.11864816,-3.059323629,-3.035275547,-3.030559958,-3.015837011,-3.029178044,-2.983725148,-3.106206574,-3.032375819,-3.030149078,-2.999226938,-2.985507452,-3.106206574,-3.032375819,-3.030149078,-2.999226938,-2.985507452
0.77,-3.210208103,-3.118335493,-3.059830193,-3.035282768,-3.030708333,-3.016106786,-3.029298979,-2.983832716,-3.106261525,-3.032483489,-3.030286693,-2.999333779,-2.98564869,-3.106261525,-3.032483489,-3.030286693,-2.999333779,-2.98564869
0.78,-3.21415195,-3.117906776,-3.060209804,-3.035172723,-3.030738855,-3.016254946,-3.029302121,-2.983822183,-3.106197653,-3.032473101,-3.030306276,-2.999322385,-2.985671691,-3.106197653,-3.032473101,-3.030306276,-2.999322385,-2.985671691
0.79,-3.217986315,-3.11737187,-3.060472,-3.034955032,-3.030660929,-3.016290858,-3.029196995,-2.983703074,-3.106024563,-3.032354205,-3.030217338,-2.9992023,-2.985585957,-3.106024563,-3.032354205,-3.030217338,-2.9992023,-2.985585957
0.8,-3.221715875,-3.116739942,-3.060625669,-3.03463863,-3.030483442,-3.016223463,-3.028992462,-2.983484246,-3.105751191,-3.032135684,-3.030028722,-2.998982401,-2.985400327,-3.105751191,-3.032135684,-3.030028722,-2.998982401,-2.985400327
0.81,-3.225344914,-3.116019518,-3.060679107,-3.034231836,-3.030214618,-3.016061026,-3.028696763,-2.983173939,-3.105385857,-3.031825801,-3.029748657,-2.998670952,-2.985123022,-3.105385857,-3.031825801,-3.029748657,-2.998670952,-2.985123022
0.82,-3.228877367,-3.115218533,-3.060640053,-3.033742395,-3.029862112,-3.015811252,-3.028317569,-2.982779826,-3.104936308,-3.031432253,-3.029384742,-2.998275644,-2.984761554,-3.104936308,-3.031432253,-3.029384742,-2.998275644,-2.984761554
0.83,-3.232316857,-3.114344375,-3.060515735,-3.03317752,-3.029433052,-3.015481329,-3.027862032,-2.982309048,-3.104409766,-3.030962207,-3.028944225,-2.997803638,-2.984323306,-3.104409766,-3.030962207,-3.028944225,-2.997803638,-2.984323306
0.84,-3.235666737,-3.113403928,-3.060312902,-3.032543932,-3.028934075,-3.015077961,-3.027336806,-2.981768262,-3.103812957,-3.030422339,-3.028433689,-2.997261609,-2.983814787,-3.103812957,-3.030422339,-3.028433689,-2.997261609,-2.983814787
0.85,-3.238930112,-3.112403603,-3.060037857,-3.031847897,-3.028371366,-3.014607404,-3.026748058,-2.981163506,-3.103152155,-3.029818874,-3.027859324,-2.996655779,-2.983242174,-3.103152155,-3.029818874,-3.027859324,-2.996655779,-2.983242174
0.86,-3.242109874,-3.111349382,-3.059696494,-3.031095259,-3.027750689,-3.014075499,-3.026101645,-2.980500877,-3.102433213,-3.029157615,-3.027226899,-2.995991948,-2.982611227,-3.102433213,-3.029157615,-3.027226899,-2.995991948,-2.982611227
0.87,-3.24520872,-3.110246841,-3.059294316,-3.030291468,-3.027077414,-3.013487699,-3.025402923,-2.979785614,-3.10166159,-3.028443974,-3.026541793,-2.995275526,-2.981927312,-3.10166159,-3.028443974,-3.026541793,-2.995275526,-2.981927312
0.88,-3.248229179,-3.10910118,-3.058836469,-3.029441609,-3.026356546,-3.012849093,-3.024656921,-2.979022745,-3.100842379,-3.027682999,-3.025809022,-2.994511558,-2.981195433,-3.100842379,-3.027682999,-3.025809022,-2.994511558,-2.981195433
0.89,-3.251173623,-3.107917253,-3.058327764,-3.02855043,-3.025592754,-3.012164436,-3.023868332,-2.97821696,-3.099980335,-3.026879398,-3.025033263,-2.993704751,-2.980420254,-3.099980335,-3.026879398,-3.025033263,-2.993704751,-2.980420254
0.9,-3.25404429,-3.106699588,-3.057772695,-3.02762236,-3.024790385,-3.011438166,-3.023041529,-2.977372633,-3.099079894,-3.026037564,-3.024218878,-2.992859496,-2.979606123,-3.099079894,-3.026037564,-3.024218878,-2.992859496,-2.979606123
0.91,-3.256843295,-3.105452361,-3.057175449,-3.026661553,-3.023953484,-3.010674422,-3.022180595,-2.976493843,-3.098145198,-3.025161595,-3.023369937,-2.991979892,-2.978757095,-3.098145198,-3.025161595,-3.023369937,-2.991979892,-2.978757095
0.92,-3.259572643,-3.104179613,-3.05653998,-3.025671832,-3.023085867,-3.009877078,-3.021289338,-2.9755844,-3.097180112,-3.024255314,-3.022490234,-2.991069759,-2.977876949,-3.097180112,-3.024255314,-3.022490234,-2.991069759,-2.977876949
0.93,-3.262234239,-3.102884972,-3.055869949,-3.024656834,-3.022190996,-3.009049753,-3.020371308,-2.974647851,-3.096188243,-3.023322287,-3.021583309,-2.990132666,-2.976969208,-3.096188243,-3.023322287,-3.021583309,-2.990132666,-2.976969208
0.94,-3.264829898,-3.101571876,-3.055168781,-3.023619922,-3.021272169,-3.008195812,-3.019429817,-2.973687508,-3.095172956,-3.022365841,-3.020652463,-2.989171938,-2.976037155,-3.095172956,-3.022365841,-3.020652463,-2.989171938,-2.976037155
0.95,-3.267361356,-3.100243528,-3.054439678,-3.022564244,-3.020332434,-3.007318404,-3.018467953,-2.972706459,-3.094137375,-3.021389062,-3.019700771,-2.988190672,-2.975083849,-3.094137375,-3.021389062,-3.019700771,-2.988190672,-2.975083849
0.96,-3.269830271,-3.098902915,-3.053685629,-3.021492743,-3.019374623,-3.006420461,-3.017488592,-2.97170758,-3.093084457,-3.020394869,-3.018731102,-2.987191772,-2.97411214,-3.093084457,-3.020394869,-3.018731102,-2.987191772,-2.97411214
0.97,-3.272238237,-3.097552823,-3.052909427,-3.02040817,-3.018401365,-3.005504723,-3.016494415,-2.970693554,-3.092016918,-3.01938594,-3.017746127,-2.986177927,-2.973124681,-3.092016918,-3.01938594,-3.017746127,-2.986177927,-2.973124681
0.98,-3.274586785,-3.096195847,-3.052113677,-3.019313094,-3.017415101,-3.004573742,-3.015487921,-2.969666877,-3.090937302,-3.018364783,-3.016748335,-2.98515165,-2.97212394,-3.090937302,-3.018364783,-3.016748335,-2.98515165,-2.97212394
0.99,-3.276877389,-3.094834408,-3.051300808,-3.018209923,-3.016418088,-3.003629896,-3.014471434,-2.968629876,-3.089847978,-3.017333733,-3.015740044,-2.984115281,-2.971112214,-3.089847978,-3.017333733,-3.015740044,-2.984115281,-2.971112214
1,-3.279111471,-3.093470757,-3.050473089,-3.017100843,-3.015412413,-3.002675395,-3.013447117,-2.967584714,-3.088751153,-3.016294963,-3.01472341,-2.983070995,-2.970091636,-3.088751153,-3.016294963,-3.01472341,-2.983070995,-2.970091636
1.01,-3.281290405,-3.092106992,-3.049632626,-3.015988101,-3.014399998,-3.001712366,-3.012416983,-2.966533404,-3.087648879,-3.015250493,-3.013700439,-2.98202082,-2.96906419,-3.087648879,-3.015250493,-3.013700439,-2.98202082,-2.96906419
1.02,-3.283415518,-3.090745082,-3.048781389,-3.014873609,-3.013382608,-3.000742634,-3.0113829,-2.965477815,-3.086543069,-3.014202202,-3.012673004,-2.980966643,-2.96803172,-3.086543069,-3.014202202,-3.012673004,-2.980966643,-2.96803172
1.03,-3.285488098,-3.089386795,-3.047921211,-3.013759249,-3.012361854,-2.999768014,-3.010346604,-2.964419686,-3.085435487,-3.013151826,-3.011642823,-2.979910205,-2.966995927,-3.085435487,-3.013151826,-3.011642823,-2.979910205,-2.966995927
1.04,-3.28750939,-3.088033833,-3.047053797,-3.012646785,-3.011339201,-2.99879017,-3.009309707,-2.963360628,-3.084327784,-3.012100985,-3.01061151,-2.978853135,-2.965958398,-3.084327784,-3.012100985,-3.01061151,-2.978853135,-2.965958398
1.05,-3.289480607,-3.086687754,-3.046180731,-3.011537895,-3.010315968,-2.997810643,-3.008273702,-2.962302137,-3.083221485,-3.011051183,-3.009580556,-2.977796945,-2.964920589,-3.083221485,-3.011051183,-3.009580556,-2.977796945,-2.964920589
1.06,-3.291402924,-3.085350001,-3.045303488,-3.010434175,-3.00929333,-2.996830861,-3.007239969,-2.961245596,-3.082118007,-3.010003789,-3.008551331,-2.976742916,-2.963883868,-3.082118007,-3.010003789,-3.008551331,-2.976742916,-2.963883868
1.07,-3.293277485,-3.084021906,-3.044423436,-3.009337153,-3.008272321,-2.995852147,-3.006209789,-2.960192287,-3.081018654,-3.008960095,-3.007525137,-2.975692544,-2.962849479,-3.081018654,-3.008960095,-3.007525137,-2.975692544,-2.962849479
1.08,-3.295105401,-3.082704702,-3.043541845,-3.008248303,-3.007253838,-2.994875726,-3.005184341,-2.959143392,-3.079924636,-3.007921282,-3.006503144,-2.974646928,-2.961818579,-3.079924636,-3.007921282,-3.006503144,-2.974646928,-2.961818579
1.09,-3.296887756,-3.081399521,-3.042659894,-3.007169044,-3.006238641,-2.993902731,-3.004164715,-2.958099939,-3.078837166,-3.006888437,-3.005486444,-2.973607166,-2.960792232,-3.078837166,-3.006888437,-3.005486444,-2.973607166,-2.960792232
1.1,-3.298625605,-3.080107407,-3.041778676,-3.006100744,-3.005227373,-2.992934208,-3.003151913,-2.957063052,-3.077757078,-3.005862564,-3.004476045,-2.972574283,-2.959771416,-3.077757078,-3.005862564,-3.004476045,-2.972574283,-2.959771416
1.11,-3.300319977,-3.078829315,-3.040899201,-3.005044711,-3.004220569,-2.99197112,-3.002146855,-2.956033602,-3.076685411,-3.004844583,-3.003472873,-2.971549208,-2.958757026,-3.076685411,-3.004844583,-3.003472873,-2.971549208,-2.958757026
1.12,-3.301971874,-3.077566117,-3.040022405,-3.004002167,-3.0032187,-2.991014356,-3.001150387,-2.955012435,-3.075623029,-3.003835335,-3.002477777,-2.970532798,-2.957749884,-3.075623029,-3.003835335,-3.002477777,-2.970532798,-2.957749884
1.13,-3.303582277,-3.076318611,-3.039149153,-3.002974213,-3.002222211,-2.99006473,-3.000163281,-2.954000328,-3.074570724,-3.002835591,-3.001491538,-2.969525841,-2.956750739,-3.074570724,-3.002835591,-3.001491538,-2.969525841,-2.956750739
1.14,-3.305152139,-3.075087517,-3.038280244,-3.001961774,-3.001231585,-2.989122991,-2.999186243,-2.95299799,-3.07352922,-3.001846051,-3.000514869,-2.968529052,-2.955760273,-3.07352922,-3.001846051,-3.000514869,-2.968529052,-2.955760273
1.15,-3.306682393,-3.073873489,-3.037416414,-3.000965561,-3.000247392,-2.988189823,-2.998219913,-2.952006066,-3.072499172,-3.000867352,-2.99954842,-2.967543086,-2.954779105,-3.072499172,-3.000867352,-2.99954842,-2.967543086,-2.954779105
1.16,-3.308173952,-3.072677111,-3.036558342,-2.999986036,-2.999270331,-2.98726585,-2.997264874,-2.951025143,-3.071481176,-2.999900071,-2.998592783,-2.966568536,-2.953807796,-3.071481176,-2.999900071,-2.998592783,-2.966568536,-2.953807796
1.17,-3.309627706,-3.071498909,-3.035706654,-2.999023418,-2.998301228,-2.986351641,-2.996321649,-2.950055749,-3.070475769,-2.998944726,-2.997648494,-2.96560594,-2.95284685,-3.070475769,-2.998944726,-2.997648494,-2.96560594,-2.95284685
1.18,-3.311044523,-3.070339346,-3.034861923,-2.998077723,-2.997341005,-2.985447711,-2.99539071,-2.94909836,-3.069483434,-2.998001783,-2.996716037,-2.964655781,-2.95189672,-3.069483434,-2.998001783,-2.996716037,-2.964655781,-2.95189672
1.19,-3.312425257,-3.069198829,-3.034024678,-2.997148822,-2.99639063,-2.984554527,-2.99447248,-2.948153404,-3.068504602,-2.997071657,-2.995795845,-2.963718492,-2.950957809,-3.068504602,-2.997071657,-2.995795845,-2.963718492,-2.950957809
1.2,-3.313770738,-3.068077713,-3.0331954,-2.996236505,-2.995451053,-2.983672507,-2.993567332,-2.94722126,-3.067539657,-2.996154716,-2.994888307,-2.96279446,-2.950030473,-3.067539657,-2.996154716,-2.994888307,-2.96279446,-2.950030473
1.21,-3.315081779,-3.0669763,-3.032374534,-2.995340535,-2.994523164,-2.982802028,-2.992675598,-2.946302264,-3.066588934,-2.995251282,-2.993993768,-2.961884027,-2.949115027,-3.066588934,-2.995251282,-2.993993768,-2.961884027,-2.949115027
1.22,-3.316359178,-3.065894846,-3.031562483,-2.99446068,-2.993607764,-2.981943424,-2.991797566,-2.94539671,-3.065652727,-2.994361637,-2.99311253,-2.960987492,-2.948211743,-3.065652727,-2.994361637,-2.99311253,-2.960987492,-2.948211743
1.23,-3.317603712,-3.06483356,-3.030759615,-2.993596735,-2.992705547,-2.981096992,-2.990933486,-2.944504853,-3.064731292,-2.993486024,-2.992244858,-2.960105117,-2.947320857,-3.064731292,-2.993486024,-2.992244858,-2.960105117,-2.947320857
1.24,-3.318816144,-3.06379261,-3.029966267,-2.992748525,-2.991817101,-2.980262993,-2.990083571,-2.943626912,-3.063824843,-2.992624647,-2.991390981,-2.959237125,-2.946442568,-3.063824843,-2.992624647,-2.991390981,-2.959237125,-2.946442568
1.25,-3.31999722,-3.062772119,-3.029182743,-2.991915906,-2.990942916,-2.979441652,-2.989248,-2.942763072,-3.062933561,-2.991777677,-2.990551094,-2.958383704,-2.945577041,-3.062933561,-2.991777677,-2.990551094,-2.958383704,-2.945577041
1.26,-3.321147669,-3.061772176,-3.028409319,-2.991098756,-2.990083392,-2.978633166,-2.988426919,-2.941913485,-3.062057591,-2.990945253,-2.989725357,-2.957545012,-2.944724411,-3.062057591,-2.990945253,-2.989725357,-2.957545012,-2.944724411
1.27,-3.322268207,-3.06079283,-3.027646245,-2.990296972,-2.989238849,-2.977837698,-2.987620443,-2.941078271,-3.06119705,-2.990127483,-2.988913904,-2.956721174,-2.943884783,-3.06119705,-2.990127483,-2.988913904,-2.956721174,-2.943884783
1.28,-3.323359533,-3.059834098,-3.026893743,-2.989510465,-2.988409536,-2.977055387,-2.986828662,-2.940257526,-3.060352023,-2.989324448,-2.988116839,-2.955912287,-2.943058235,-3.060352023,-2.989324448,-2.988116839,-2.955912287,-2.943058235
1.29,-3.324422331,-3.058895963,-3.026152016,-2.98873915,-2.987595643,-2.976286343,-2.986051635,-2.939451316,-3.059522568,-2.988536201,-2.987334237,-2.955118421,-2.942244818,-3.059522568,-2.988536201,-2.987334237,-2.955118421,-2.942244818
1.3,-3.325457274,-3.057978379,-3.025421242,-2.987982944,-2.986797308,-2.975530654,-2.985289398,-2.938659683,-3.058708717,-2.987762771,-2.986566152,-2.954339621,-2.941444561,-3.058708717,-2.987762771,-2.986566152,-2.954339621,-2.941444561
1.31,-3.326465017,-3.057081269,-3.02470158,-2.987241763,-2.98601462,-2.974788384,-2.984541964,-2.937882646,-3.057910478,-2.987004165,-2.985812612,-2.953575909,-2.940657469,-3.057910478,-2.987004165,-2.985812612,-2.953575909,-2.940657469
1.32,-3.327446203,-3.056204532,-3.023993172,-2.986515522,-2.985247631,-2.974059576,-2.983809325,-2.937120203,-3.057127837,-2.986260367,-2.985073625,-2.952827282,-2.939883528,-3.057127837,-2.986260367,-2.985073625,-2.952827282,-2.939883528
1.33,-3.328401463,-3.05534804,-3.023296138,-2.985804125,-2.984496356,-2.973344254,-2.983091451,-2.93637233,-3.056360759,-2.985531343,-2.984349177,-2.952093721,-2.939122703,-3.056360759,-2.985531343,-2.984349177,-2.952093721,-2.939122703
1.34,-3.329331413,-3.054511644,-3.022610585,-2.985107473,-2.983760779,-2.972642422,-2.982388293,-2.935638985,-3.055609188,-2.984817039,-2.983639236,-2.951375184,-2.938374944,-3.055609188,-2.984817039,-2.983639236,-2.951375184,-2.938374944
1.35,-3.330236657,-3.053695172,-3.021936605,-2.984425457,-2.983040856,-2.971954067,-2.981699788,-2.93492011,-3.054873052,-2.984117384,-2.982943751,-2.950671613,-2.937640181,-3.054873052,-2.984117384,-2.982943751,-2.950671613,-2.937640181
1.36,-3.331117786,-3.05289843,-3.021274272,-2.983757962,-2.98233652,-2.971279161,-2.981025852,-2.934215629,-3.05415226,-2.983432294,-2.982262656,-2.949982934,-2.93691833,-3.05415226,-2.983432294,-2.982262656,-2.949982934,-2.93691833
1.37,-3.33197538,-3.05212121,-3.02062365,-2.983104863,-2.981647679,-2.970617661,-2.98036639,-2.93352545,-3.053446706,-2.982761666,-2.98159587,-2.949309055,-2.936209294,-3.053446706,-2.982761666,-2.98159587,-2.949309055,-2.936209294
1.38,-3.332810006,-3.051363284,-3.019984789,-2.982466025,-2.980974224,-2.969969509,-2.97972129,-2.932849471,-3.052756271,-2.982105387,-2.980943294,-2.948649872,-2.935512962,-3.052756271,-2.982105387,-2.980943294,-2.948649872,-2.935512962
1.39,-3.333622219,-3.050624409,-3.019357726,-2.981841309,-2.980316028,-2.969334637,-2.979090429,-2.932187572,-3.052080822,-2.98146333,-2.980304821,-2.948005268,-2.934829211,-3.052080822,-2.98146333,-2.980304821,-2.948005268,-2.934829211
1.4,-3.334412563,-3.049904328,-3.018742488,-2.981230564,-2.979672946,-2.96871296,-2.978473672,-2.931539625,-3.051420212,-2.980835358,-2.979680328,-2.947375112,-2.934157908,-3.051420212,-2.980835358,-2.979680328,-2.947375112,-2.934157908
1.41,-3.335181571,-3.049202773,-3.018139091,-2.980633633,-2.979044821,-2.968104388,-2.977870873,-2.93090549,-3.050774286,-2.980221323,-2.979069683,-2.946759263,-2.933498909,-3.050774286,-2.980221323,-2.979069683,-2.946759263,-2.933498909
1.42,-3.335929763,-3.048519462,-3.017547542,-2.980050353,-2.978431482,-2.967508817,-2.977281876,-2.930285017,-3.050142877,-2.979621067,-2.978472743,-2.94615757,-2.932852061,-3.050142877,-2.979621067,-2.978472743,-2.94615757,-2.932852061
1.43,-3.33665765,-3.047854104,-3.016967837,-2.979480553,-2.977832749,-2.966926135,-2.976706516,-2.929678047,-3.049525808,-2.979034424,-2.977889355,-2.945569873,-2.932217205,-3.049525808,-2.979034424,-2.977889355,-2.945569873,-2.932217205
1.44,-3.337365731,-3.0472064,-3.016399963,-2.978924055,-2.977248429,-2.966356221,-2.976144621,-2.929084412,-3.048922895,-2.978461221,-2.977319358,-2.944996003,-2.931594171,-3.048922895,-2.978461221,-2.977319358,-2.944996003,-2.931594171
1.45,-3.338054497,-3.046576041,-3.015843901,-2.978380678,-2.976678322,-2.965798947,-2.97559601,-2.928503939,-3.048333947,-2.977901276,-2.976762584,-2.944435782,-2.930982785,-3.048333947,-2.977901276,-2.976762584,-2.944435782,-2.930982785
1.46,-3.338724424,-3.045962714,-3.015299622,-2.977850234,-2.976122219,-2.965254177,-2.975060496,-2.927936444,-3.047758765,-2.977354404,-2.976218855,-2.943889028,-2.930382867,-3.047758765,-2.977354404,-2.976218855,-2.943889028,-2.930382867
1.47,-3.339375982,-3.045366099,-3.014767089,-2.977332529,-2.975579906,-2.96472177,-2.974537887,-2.927381743,-3.047197143,-2.976820412,-2.975687992,-2.94335555,-2.929794232,-3.047197143,-2.976820412,-2.975687992,-2.94335555,-2.929794232
1.48,-3.34000963,-3.044785871,-3.01424626,-2.976827369,-2.975051162,-2.964201577,-2.974027985,-2.92683964,-3.046648873,-2.976299103,-2.975169805,-2.942835153,-2.929216688,-3.046648873,-2.976299103,-2.975169805,-2.942835153,-2.929216688
1.49,-3.340625815,-3.044221702,-3.013737084,-2.976334553,-2.974535759,-2.963693447,-2.973530587,-2.92630994,-3.04611374,-2.975790276,-2.974664103,-2.942327637,-2.928650042,-3.04611374,-2.975790276,-2.974664103,-2.942327637,-2.928650042
1.5,-3.341224978,-3.04367326,-3.013239506,-2.975853876,-2.974033466,-2.963197221,-2.973045488,-2.925792441,-3.045591525,-2.975293727,-2.974170687,-2.941832798,-2.928094096,-3.045591525,-2.975293727,-2.974170687,-2.941832798,-2.928094096
1.51,-3.341807547,-3.043140212,-3.012753463,-2.975385133,-2.973544051,-2.962712738,-2.972572479,-2.925286938,-3.045082007,-2.974809247,-2.973689359,-2.941350427,-2.92754865,-3.045082007,-2.974809247,-2.973689359,-2.941350427,-2.92754865
1.52,-3.342373943,-3.042622224,-3.012278888,-2.974928116,-2.973067275,-2.962239833,-2.972111348,-2.924793223,-3.044584962,-2.974336626,-2.973219913,-2.940880313,-2.927013502,-3.044584962,-2.974336626,-2.973219913,-2.940880313,-2.927013502
1.53,-3.342924577,-3.042118962,-3.011815708,-2.974482579,-2.972602899,-2.961778183,-2.971661879,-2.924311085,-3.044100164,-2.973875653,-2.972762143,-2.940422242,-2.926488446,-3.044100164,-2.973875653,-2.972762143,-2.940422242,-2.926488446
1.54,-3.34345985,-3.04163009,-3.011363845,-2.974048381,-2.972150681,-2.961327935,-2.971223858,-2.923840314,-3.043627383,-2.973426112,-2.972315841,-2.939975999,-2.925973279,-3.043627383,-2.973426112,-2.972315841,-2.939975999,-2.925973279
1.55,-3.343980157,-3.041155274,-3.010923215,-2.973625274,-2.971710378,-2.960888752,-2.970797066,-2.923380695,-3.04316639,-2.97298779,-2.971880796,-2.939541367,-2.925467792,-3.04316639,-2.97298779,-2.971880796,-2.939541367,-2.925467792
1.56,-3.344485882,-3.040694181,-3.010493733,-2.973213044,-2.971281749,-2.960460459,-2.970381285,-2.922932013,-3.042716955,-2.97256047,-2.971456796,-2.939118126,-2.924971779,-3.042716955,-2.97256047,-2.971456796,-2.939118126,-2.924971779
1.57,-3.3449774,-3.040246482,-3.010075307,-2.972811478,-2.97086455,-2.960042879,-2.969976296,-2.922494054,-3.042278848,-2.972143937,-2.971043629,-2.938706059,-2.924485033,-3.042278848,-2.972143937,-2.971043629,-2.938706059,-2.924485033
1.58,-3.34545508,-3.039811848,-3.009667843,-2.972420361,-2.970458537,-2.959635833,-2.969581881,-2.922066601,-3.041851838,-2.971737974,-2.970641081,-2.938304944,-2.924007346,-3.041851838,-2.971737974,-2.970641081,-2.938304944,-2.924007346
1.59,-3.34591928,-3.039389954,-3.009271241,-2.972039481,-2.970063469,-2.959239143,-2.969197819,-2.92164944,-3.041435695,-2.971342366,-2.97024894,-2.937914563,-2.923538514,-3.041435695,-2.971342366,-2.97024894,-2.937914563,-2.923538514
1.6,-3.346370352,-3.038980442,-3.008885361,-2.971668623,-2.969679103,-2.958852628,-2.968823894,-2.921242355,-3.041030188,-2.970956897,-2.969866992,-2.937534696,-2.923078328,-3.041030188,-2.970956897,-2.969866992,-2.937534696,-2.923078328
1.61,-3.346808639,-3.038583068,-3.008510179,-2.971307576,-2.969305201,-2.958476111,-2.968459887,-2.920845133,-3.040635091,-2.970581354,-2.969495024,-2.937165126,-2.922626587,-3.040635091,-2.970581354,-2.969495024,-2.937165126,-2.922626587
1.62,-3.347234477,-3.038197479,-3.008145546,-2.970956129,-2.968941524,-2.958109412,-2.968105583,-2.920457559,-3.040250176,-2.970215524,-2.969132826,-2.936805633,-2.922183085,-3.040250176,-2.970215524,-2.969132826,-2.936805633,-2.922183085
1.63,-3.347648193,-3.037823366,-3.007791353,-2.970614071,-2.968587835,-2.957752351,-2.967760767,-2.92007942,-3.039875217,-2.969859195,-2.968780186,-2.936456001,-2.921747621,-3.039875217,-2.969859195,-2.968780186,-2.936456001,-2.921747621
1.64,-3.348050107,-3.037460424,-3.007447488,-2.970281194,-2.9682439,-2.957404751,-2.967425226,-2.919710508,-3.039509991,-2.969512158,-2.968436896,-2.936116016,-2.921319995,-3.039509991,-2.969512158,-2.968436896,-2.936116016,-2.921319995
1.65,-3.348440533,-3.037108353,-3.007113836,-2.969957291,-2.967909487,-2.957066432,-2.967098749,-2.919350611,-3.039154276,-2.969174204,-2.968102746,-2.935785463,-2.92090001,-3.039154276,-2.969174204,-2.968102746,-2.935785463,-2.92090001
1.66,-3.348819775,-3.036766855,-3.006790282,-2.969642158,-2.967584368,-2.956737218,-2.966781126,-2.918999525,-3.038807854,-2.968845128,-2.967777532,-2.935464133,-2.92048747,-3.038807854,-2.968845128,-2.967777532,-2.935464133,-2.92048747
1.67,-3.349188133,-3.036435642,-3.006476707,-2.969335592,-2.967268316,-2.956416933,-2.966472151,-2.918657042,-3.038470507,-2.968524725,-2.96746105,-2.935151814,-2.92008218,-3.038470507,-2.968524725,-2.96746105,-2.935151814,-2.92008218
1.68,-3.349545897,-3.036114429,-3.006172993,-2.969037392,-2.966961108,-2.956105403,-2.966171619,-2.918322962,-3.038142021,-2.968212796,-2.967153096,-2.9348483,-2.919683951,-3.038142021,-2.968212796,-2.967153096,-2.9348483,-2.919683951
1.69,-3.349893351,-3.035802935,-3.00587902,-2.96874736,-2.966662523,-2.955802454,-2.965879328,-2.917997082,-3.037822185,-2.96790914,-2.966853473,-2.934553386,-2.919292594,-3.037822185,-2.96790914,-2.966853473,-2.934553386,-2.919292594
1.7,-3.350230773,-3.035500888,-3.005594666,-2.9684653,-2.966372346,-2.955507915,-2.965595078,-2.917679206,-3.037510791,-2.967613563,-2.966561982,-2.934266871,-2.918907923,-3.037510791,-2.967613563,-2.966561982,-2.934266871,-2.918907923
1.71,-3.350558435,-3.035208018,-3.005319809,-2.968191019,-2.966090362,-2.955221617,-2.965318674,-2.917369138,-3.037207633,-2.967325869,-2.966278428,-2.933988553,-2.918529754,-3.037207633,-2.967325869,-2.966278428,-2.933988553,-2.918529754
1.72,-3.350876599,-3.034924064,-3.005054325,-2.967924326,-2.965816361,-2.95494339,-2.965049921,-2.917066685,-3.036912509,-2.96704587,-2.966002621,-2.933718237,-2.918157909,-3.036912509,-2.96704587,-2.966002621,-2.933718237,-2.918157909
1.73,-3.351185526,-3.034648768,-3.004798092,-2.967665034,-2.965550138,-2.954673071,-2.964788629,-2.916771658,-3.036625221,-2.966773377,-2.96573437,-2.933455728,-2.917792209,-3.036625221,-2.966773377,-2.96573437,-2.933455728,-2.917792209
1.74,-3.351485465,-3.03438188,-3.004550985,-2.967412957,-2.965291489,-2.954410493,-2.964534611,-2.916483871,-3.036345571,-2.966508206,-2.965473489,-2.933200836,-2.917432482,-3.036345571,-2.966508206,-2.965473489,-2.933200836,-2.917432482
1.75,-3.351776663,-3.034123154,-3.00431288,-2.967167913,-2.965040216,-2.954155496,-2.964287681,-2.916203139,-3.036073369,-2.966250175,-2.965219794,-2.932953372,-2.917078555,-3.036073369,-2.966250175,-2.965219794,-2.932953372,-2.917078555
1.76,-3.352059358,-3.03387235,-3.004083652,-2.966929722,-2.964796124,-2.95390792,-2.96404766,-2.915929283,-3.035808426,-2.965999106,-2.964973106,-2.932713152,-2.916730261,-3.035808426,-2.965999106,-2.964973106,-2.932713152,-2.916730261
1.77,-3.352333785,-3.033629236,-3.003863177,-2.96669821,-2.96455902,-2.953667606,-2.963814368,-2.915662123,-3.035550555,-2.965754824,-2.964733246,-2.932479994,-2.916387436,-3.035550555,-2.965754824,-2.964733246,-2.932479994,-2.916387436
1.78,-3.352600172,-3.033393589,-3.003651329,-2.966473202,-2.964328767,-2.9534344,-2.963587632,-2.915401487,-3.035299575,-2.965517155,-2.96450004,-2.93225372,-2.916049917,-3.035299575,-2.965517155,-2.96450004,-2.93225372,-2.916049917
1.79,-3.352858739,-3.033165175,-3.003447985,-2.966254528,-2.96410508,-2.953208149,-2.963367279,-2.915147203,-3.035055299,-2.965285931,-2.964273325,-2.932034164,-2.915717546,-3.035055299,-2.965285931,-2.964273325,-2.932034164,-2.915717546
1.8,-3.353109704,-3.032943783,-3.003253021,-2.966042021,-2.963887831,-2.952988702,-2.963153143,-2.914899102,-3.03481757,-2.965060989,-2.964052917,-2.931821133,-2.915390169,-3.03481757,-2.965060989,-2.964052917,-2.931821133,-2.915390169
1.81,-3.353353278,-3.032729202,-3.003066311,-2.965835516,-2.963676843,-2.952775911,-2.962945057,-2.914657021,-3.034586209,-2.964842164,-2.963838659,-2.931614469,-2.915067633,-3.034586209,-2.964842164,-2.963838659,-2.931614469,-2.915067633
1.82,-3.353589665,-3.032521226,-3.002887734,-2.965634852,-2.963471945,-2.95256963,-2.962742861,-2.914420798,-3.034361046,-2.964629298,-2.963630389,-2.931414008,-2.914749791,-3.034361046,-2.964629298,-2.963630389,-2.931414008,-2.914749791
1.83,-3.353819068,-3.032319655,-3.002717165,-2.965439873,-2.963272969,-2.952369714,-2.962546397,-2.914190273,-3.034141918,-2.964422234,-2.963427949,-2.931219586,-2.914436495,-3.034141918,-2.964422234,-2.963427949,-2.931219586,-2.914436495
1.84,-3.354041679,-3.032124295,-3.002554482,-2.965250423,-2.963079748,-2.952176023,-2.96235551,-2.913965294,-3.033928665,-2.96422082,-2.963231183,-2.931031046,-2.914127605,-3.033928665,-2.96422082,-2.963231183,-2.931031046,-2.914127605
1.85,-3.354257691,-3.031934955,-3.002399563,-2.96506635,-2.962892123,-2.951988417,-2.962170049,-2.913745707,-3.033721129,-2.964024907,-2.963039939,-2.93084823,-2.913822981,-3.033721129,-2.964024907,-2.963039939,-2.93084823,-2.913822981
1.86,-3.354467288,-3.031751451,-3.002252287,-2.964887505,-2.962709937,-2.951806761,-2.961989865,-2.913531364,-3.033519158,-2.963834348,-2.962854002,-2.930670987,-2.913522487,-3.033519158,-2.963834348,-2.962854002,-2.930670987,-2.913522487
1.87,-3.35467065,-3.031573604,-3.002112533,-2.964713743,-2.962533035,-2.951630919,-2.961814814,-2.91332212,-3.0333226,-2.963649001,-2.962673361,-2.930499168,-2.913225991,-3.0333226,-2.963649001,-2.962673361,-2.930499168,-2.913225991
1.88,-3.354867954,-3.03140125,-3.001980199,-2.964544922,-2.962361277,-2.951460762,-2.961644755,-2.913117832,-3.03313131,-2.963468726,-2.962497804,-2.930332627,-2.912933364,-3.03313131,-2.963468726,-2.962497804,-2.930332627,-2.912933364
1.89,-3.35505937,-3.031234198,-3.00185513,-2.964380902,-2.962194499,-2.951296157,-2.961479549,-2.912918362,-3.032945143,-2.963293385,-2.962327192,-2.930171221,-2.912644478,-3.032945143,-2.963293385,-2.962327192,-2.930171221,-2.912644478
1.9,-3.355245065,-3.031072294,-3.001737225,-2.964221546,-2.962032567,-2.951136978,-2.961319061,-2.912723573,-3.032763961,-2.963122846,-2.962161389,-2.93001481,-2.91235921,-3.032763961,-2.963122846,-2.962161389,-2.93001481,-2.91235921
1.91,-3.355425202,-3.030915378,-3.001626367,-2.964066721,-2.961875343,-2.9509831,-2.961163159,-2.912533333,-3.032587627,-2.962956978,-2.962000262,-2.929863259,-2.912077441,-3.032587627,-2.962956978,-2.962000262,-2.929863259,-2.912077441
1.92,-3.355599938,-3.030763296,-3.00152244,-2.963916297,-2.96172269,-2.950834401,-2.961011714,-2.912347512,-3.032416007,-2.962795654,-2.961843679,-2.929716433,-2.911799052,-3.032416007,-2.962795654,-2.961843679,-2.929716433,-2.911799052
1.93,-3.355769427,-3.030615896,-3.001425326,-2.963770145,-2.961574476,-2.95069076,-2.960864601,-2.912165984,-3.032248972,-2.962638748,-2.961691514,-2.929574203,-2.911523929,-3.032248972,-2.962638748,-2.961691514,-2.929574203,-2.911523929
1.94,-3.35593382,-3.030473034,-3.001334911,-2.963628137,-2.961430576,-2.950552061,-2.960721697,-2.911988623,-3.032086395,-2.96248614,-2.961543643,-2.929436441,-2.911251962,-3.032086395,-2.96248614,-2.961543643,-2.929436441,-2.911251962
1.95,-3.356093261,-3.030334563,-3.001251082,-2.963490159,-2.961290857,-2.950418182,-2.960582882,-2.911815311,-3.031928152,-2.96233771,-2.961399943,-2.929303023,-2.91098304,-3.031928152,-2.96233771,-2.961399943,-2.929303023,-2.91098304
1.96,-3.356247893,-3.030200348,-3.001173725,-2.963356087,-2.961155202,-2.950289012,-2.96044804,-2.911645928,-3.031774123,-2.962193344,-2.961260297,-2.929173827,-2.91071706,-3.031774123,-2.962193344,-2.961260297,-2.929173827,-2.91071706
1.97,-3.356397853,-3.030070254,-3.001102727,-2.963225806,-2.96102349,-2.95016444,-2.960317056,-2.91148036,-3.031624191,-2.962052929,-2.961124589,-2.929048736,-2.910453917,-3.031624191,-2.962052929,-2.961124589,-2.929048736,-2.910453917
1.98,-3.356543275,-3.029944151,-3.001037976,-2.963099201,-2.960895606,-2.950044355,-2.960189821,-2.911318494,-3.03147824,-2.961916353,-2.960992706,-2.928927634,-2.910193511,-3.03147824,-2.961916353,-2.960992706,-2.928927634,-2.910193511
1.99,-3.356684291,-3.029821914,-3.000979363,-2.962976162,-2.960771437,-2.949928649,-2.960066225,-2.911160222,-3.031336159,-2.96178351,-2.960864538,-2.928810407,-2.909935746,-3.031336159,-2.96178351,-2.960864538,-2.928810407,-2.909935746
2,-3.356821028,-3.029703421,-3.000926777,-2.962856581,-2.960650873,-2.949817217,-2.959946164,-2.911005435,-3.031197841,-2.961654296,-2.960739977,-2.928696946,-2.909680526,-3.031197841,-2.961654296,-2.960739977,-2.928696946,-2.909680526
2.01,-3.356953609,-3.029588552,-3.00088011,-2.962740351,-2.960533807,-2.949709955,-2.959829535,-2.910854032,-3.031063178,-2.961528608,-2.960618919,-2.928587144,-2.909427759,-3.031063178,-2.961528608,-2.960618919,-2.928587144,-2.909427759
2.02,-3.357082154,-3.029477193,-3.000839253,-2.96262737,-2.960420135,-2.949606759,-2.959716237,-2.910705909,-3.030932068,-2.961406346,-2.960501263,-2.928480896,-2.909177356,-3.030932068,-2.961406346,-2.960501263,-2.928480896,-2.909177356
2.03,-3.35720678,-3.029369232,-3.0008041,-2.962517537,-2.960309756,-2.949507531,-2.959606174,-2.910560968,-3.03080441,-2.961287415,-2.960386908,-2.928378099,-2.908929229,-3.03080441,-2.961287415,-2.960386908,-2.928378099,-2.908929229
2.04,-3.357327602,-3.029264561,-3.000774544,-2.962410754,-2.960202572,-2.94941217,-2.95949925,-2.910419113,-3.030680108,-2.961171718,-2.960275757,-2.928278655,-2.908683295,-3.030680108,-2.961171718,-2.960275757,-2.928278655,-2.908683295
2.05,-3.357444729,-3.029163039,-3.00075048,-2.962306926,-2.960098486,-2.949320581,-2.959395374,-2.91028025,-3.030559065,-2.961059166,-2.960167718,-2.928182466,-2.908439471,-3.030559065,-2.961059166,-2.960167718,-2.928182466,-2.908439471
2.06,-3.35755827,-3.029064639,-3.000731803,-2.96220596,-2.959997406,-2.949232669,-2.959294456,-2.910144288,-3.03044119,-2.960949667,-2.960062696,-2.928089438,-2.908197677,-3.03044119,-2.960949667,-2.960062696,-2.928089438,-2.908197677
2.07,-3.357668329,-3.028969223,-3.000718409,-2.962107764,-2.959899241,-2.94914834,-2.959196407,-2.910011138,-3.030326392,-2.960843135,-2.959960604,-2.927999479,-2.907957837,-3.030326392,-2.960843135,-2.959960604,-2.927999479,-2.907957837
2.08,-3.357775008,-3.028876698,-3.000710197,-2.962012251,-2.959803903,-2.949067502,-2.959101144,-2.909880713,-3.030214584,-2.960739485,-2.959861354,-2.9279125,-2.907719875,-3.030214584,-2.960739485,-2.959861354,-2.9279125,-2.907719875
2.09,-3.357878406,-3.02878697,-3.000707063,-2.961919334,-2.959711307,-2.948990066,-2.959008583,-2.909752929,-3.030105682,-2.960638635,-2.959764861,-2.927828412,-2.907483719,-3.030105682,-2.960638635,-2.959764861,-2.927828412,-2.907483719
2.1,-3.35797862,-3.028699949,-3.000708907,-2.96182893,-2.959621369,-2.948915942,-2.958918645,-2.909627704,-3.029999601,-2.960540504,-2.959671043,-2.927747131,-2.907249298,-3.029999601,-2.960540504,-2.959671043,-2.927747131,-2.907249298
2.11,-3.358075741,-3.02861555,-3.000715628,-2.961740957,-2.95953401,-2.948845045,-2.95883125,-2.909504958,-3.029896232,-2.960445013,-2.95957982,-2.927668573,-2.907016545,-3.029896232,-2.960445013,-2.95957982,-2.927668573,-2.907016545
2.12,-3.358169863,-3.028533688,-3.000727127,-2.961655335,-2.959449151,-2.948777289,-2.958746323,-2.909384615,-3.029795558,-2.960352087,-2.959491113,-2.927592659,-2.906785393,-3.029795558,-2.960352087,-2.959491113,-2.927592659,-2.906785393
2.13,-3.358261072,-3.028454281,-3.000743305,-2.961571989,-2.959366716,-2.94871259,-2.95866379,-2.909266597,-3.029697471,-2.960261652,-2.959404847,-2.92751931,-2.90655578,-3.029697471,-2.960261652,-2.959404847,-2.92751931,-2.90655578
2.14,-3.358349456,-3.028377251,-3.000764063,-2.961490841,-2.95928663,-2.948650865,-2.95858358,-2.909150832,-3.029601898,-2.960173635,-2.959320947,-2.927448448,-2.906327642,-3.029601898,-2.960173635,-2.959320947,-2.927448448,-2.906327642
2.15,-3.358435097,-3.028302522,-3.000789306,-2.96141182,-2.959208822,-2.948592034,-2.958505621,-2.909037249,-3.029508766,-2.960087967,-2.959239343,-2.927380001,-2.90610092,-3.029508766,-2.960087967,-2.959239343,-2.927380001,-2.90610092
2.16,-3.358518077,-3.02823002,-3.000818936,-2.961334854,-2.959133224,-2.948536018,-2.958429848,-2.908925779,-3.029418006,-2.960004579,-2.959159965,-2.927313895,-2.905875558,-3.029418006,-2.960004579,-2.959159965,-2.927313895,-2.905875558
2.17,-3.358598475,-3.028159678,-3.000852858,-2.961259875,-2.959059749,-2.948482738,-2.958356193,-2.908816353,-3.029329551,-2.959923406,-2.959082745,-2.927250061,-2.905651498,-3.029329551,-2.959923406,-2.959082745,-2.927250061,-2.905651498
2.18,-3.358676367,-3.028091417,-3.000890977,-2.961186816,-2.958988368,-2.948432117,-2.958284593,-2.908708906,-3.029243335,-2.959844382,-2.959007617,-2.927188429,-2.905428688,-3.029243335,-2.959844382,-2.959007617,-2.927188429,-2.905428688
2.19,-3.358751828,-3.028025174,-3.000933198,-2.961115611,-2.958918998,-2.94838408,-2.958214987,-2.908603376,-3.029159293,-2.959767447,-2.958934517,-2.927128933,-2.905207076,-3.029159293,-2.959767447,-2.958934517,-2.927128933,-2.905207076
2.2,-3.358824931,-3.027960886,-3.000979429,-2.961046197,-2.958851579,-2.948338554,-2.958147313,-2.908499699,-3.029077363,-2.959692538,-2.958863384,-2.927071508,-2.904986612,-3.029077363,-2.959692538,-2.958863384,-2.927071508,-2.904986612
2.21,-3.358895746,-3.027898489,-3.001029577,-2.960978513,-2.95878605,-2.948295465,-2.958081513,-2.908397817,-3.028997486,-2.959619597,-2.958794157,-2.927016091,-2.904767247,-3.028997486,-2.959619597,-2.958794157,-2.927016091,-2.904767247
2.22,-3.358964342,-3.027837924,-3.001083549,-2.9609125,-2.958722354,-2.948254743,-2.95801753,-2.90829767,-3.028919603,-2.959548566,-2.958726779,-2.926962605,-2.904548934,-3.028919603,-2.959548566,-2.958726779,-2.926962605,-2.904548934
2.23,-3.359030784,-3.02777913,-3.001141256,-2.9608481,-2.958660434,-2.948216316,-2.957955311,-2.908199203,-3.028843658,-2.95947939,-2.958661191,-2.926911024,-2.904331633,-3.028843658,-2.95947939,-2.958661191,-2.926911024,-2.904331633
2.24,-3.359095138,-3.027722052,-3.001202606,-2.960785256,-2.958600236,-2.948180116,-2.9578948,-2.90810236,-3.028769594,-2.959412015,-2.958597339,-2.926861272,-2.904115299,-3.028769594,-2.959412015,-2.958597339,-2.926861272,-2.904115299
2.25,-3.359157467,-3.027666633,-3.00126751,-2.960723915,-2.958541707,-2.948146076,-2.957835947,-2.908007088,-3.02869736,-2.959346388,-2.95853517,-2.926813294,-2.90389989,-3.02869736,-2.959346388,-2.95853517,-2.926813294,-2.90389989
2.26,-3.359217831,-3.027612823,-3.00133588,-2.960664025,-2.958484796,-2.948114129,-2.957778701,-2.907913336,-3.028626902,-2.959282459,-2.958474633,-2.926767035,-2.903685368,-3.028626902,-2.959282459,-2.958474633,-2.926767035,-2.903685368
2.27,-3.359276289,-3.027560568,-3.001407627,-2.960605533,-2.958429453,-2.94808421,-2.957723013,-2.907821054,-3.028558171,-2.959220177,-2.958415677,-2.926722441,-2.903471695,-3.028558171,-2.959220177,-2.958415677,-2.926722441,-2.903471695
2.28,-3.3593329,-3.027509819,-3.001482663,-2.960548392,-2.95837563,-2.948056255,-2.957668837,-2.907730192,-3.028491118,-2.959159494,-2.958358253,-2.926679461,-2.903258834,-3.028491118,-2.959159494,-2.958358253,-2.926679461,-2.903258834
2.29,-3.35938772,-3.027460528,-3.001560903,-2.960492552,-2.95832328,-2.948030201,-2.957616126,-2.907640704,-3.028425696,-2.959100364,-2.958302315,-2.926638045,-2.90304674,-3.028425696,-2.959100364,-2.958302315,-2.926638045,-2.90304674
2.3,-3.359440802,-3.027412649,-3.00164226,-2.960437969,-2.958272359,-2.948005987,-2.957564837,-2.907552544,-3.028361858,-2.959042743,-2.958247818,-2.926598145,-2.902835404,-3.028361858,-2.959042743,-2.958247818,-2.926598145,-2.902835404
2.31,-3.359492199,-3.027366136,-3.001726651,-2.960384596,-2.958222823,-2.947983552,-2.957514925,-2.907465668,-3.028299561,-2.958986585,-2.958194715,-2.926559713,-2.902624782,-3.028299561,-2.958986585,-2.958194715,-2.926559713,-2.902624782
2.32,-3.359541963,-3.027320947,-3.001813989,-2.960332392,-2.958174629,-2.947962837,-2.95746635,-2.907380032,-3.028238761,-2.958931848,-2.958142966,-2.926522703,-2.902414844,-3.028238761,-2.958931848,-2.958142966,-2.926522703,-2.902414844
2.33,-3.359590144,-3.02727704,-3.001904192,-2.960281313,-2.958127736,-2.947943784,-2.957419072,-2.907295595,-3.028179415,-2.95887849,-2.958092529,-2.92648707,-2.902205562,-3.028179415,-2.95887849,-2.958092529,-2.92648707,-2.902205562
2.34,-3.35963679,-3.027234373,-3.001997178,-2.96023132,-2.958082106,-2.947926336,-2.957373051,-2.907212317,-3.028121485,-2.958826473,-2.958043363,-2.926452772,-2.901996909,-3.028121485,-2.958826473,-2.958043363,-2.926452772,-2.901996909
2.35,-3.359681947,-3.027192908,-3.002092864,-2.960182379,-2.958037699,-2.947910437,-2.957328249,-2.90713017,-3.02806493,-2.958775756,-2.957995429,-2.926419766,-2.901788859,-3.02806493,-2.958775756,-2.957995429,-2.926419766,-2.901788859
2.36,-3.359725662,-3.027152606,-3.00219117,-2.96013444,-2.957994477,-2.947896032,-2.957284629,-2.907049092,-3.028009706,-2.958726285,-2.957948691,-2.926388012,-2.901581387,-3.028009706,-2.958726285,-2.957948691,-2.926388012,-2.901581387
2.37,-3.359767979,-3.027113432,-3.002292014,-2.960087474,-2.957952407,-2.947883068,-2.957242157,-2.90696906,-3.027955788,-2.958678057,-2.957903111,-2.926357469,-2.901374472,-3.027955788,-2.958678057,-2.957903111,-2.926357469,-2.901374472
2.38,-3.359808941,-3.027075348,-3.002395319,-2.960041444,-2.957911451,-2.947871493,-2.957200798,-2.906890037,-3.027903135,-2.95863102,-2.957858654,-2.9263281,-2.901168091,-3.027903135,-2.95863102,-2.957858654,-2.9263281,-2.901168091
2.39,-3.359848589,-3.027038323,-3.002501005,-2.959996318,-2.957871577,-2.947861255,-2.957160518,-2.906811989,-3.027851711,-2.958585138,-2.957815287,-2.926299867,-2.900962224,-3.027851711,-2.958585138,-2.957815287,-2.926299867,-2.900962224
2.4,-3.359886964,-3.027002321,-3.002608994,-2.959952061,-2.957832752,-2.947852304,-2.957121285,-2.906734883,-3.027801483,-2.958540378,-2.957772976,-2.926272734,-2.900756851,-3.027801483,-2.958540378,-2.957772976,-2.926272734,-2.900756851
2.41,-3.359924106,-3.026967312,-3.00271921,-2.959908643,-2.957794945,-2.94784459,-2.957083068,-2.906658686,-3.027752419,-2.958496709,-2.95773169,-2.926246665,-2.900551956,-3.027752419,-2.958496709,-2.95773169,-2.926246665,-2.900551956
2.42,-3.359960053,-3.026933264,-3.002831577,-2.959866032,-2.957758124,-2.947838067,-2.957045837,-2.906583366,-3.027704486,-2.958454097,-2.957691397,-2.926221627,-2.900347521,-3.027704486,-2.958454097,-2.957691397,-2.926221627,-2.900347521
2.43,-3.359994841,-3.026900149,-3.002946017,-2.959824202,-2.95772226,-2.947832684,-2.957009563,-2.906508895,-3.027657653,-2.958412513,-2.957652068,-2.926197586,-2.900143531,-3.027657653,-2.958412513,-2.957652068,-2.926197586,-2.900143531
2.44,-3.360028507,-3.026867935,-3.003062461,-2.959783119,-2.957687325,-2.947828401,-2.956974216,-2.906435241,-3.027611892,-2.958371928,-2.957613673,-2.92617451,-2.899939971,-3.027611892,-2.958371928,-2.957613673,-2.92617451,-2.899939971
2.45,-3.360061086,-3.026836596,-3.003180832,-2.959742758,-2.957653291,-2.94782517,-2.956939771,-2.906362377,-3.027567174,-2.958332311,-2.957576186,-2.926152368,-2.899736829,-3.027567174,-2.958332311,-2.957576186,-2.926152368,-2.899736829
2.46,-3.360092611,-3.026806105,-3.003301059,-2.959703094,-2.95762013,-2.947822948,-2.95690619,-2.906290276,-3.027523469,-2.958293636,-2.957539578,-2.926131129,-2.899534091,-3.027523469,-2.958293636,-2.957539578,-2.926131129,-2.899534091
2.47,-3.360123116,-3.026776436,-3.00342307,-2.959664099,-2.957587817,-2.947821692,-2.956873467,-2.90621891,-3.027480751,-2.958255874,-2.957503825,-2.926110765,-2.899331747,-3.027480751,-2.958255874,-2.957503825,-2.926110765,-2.899331747
2.48,-3.360152632,-3.026747563,-3.003546794,-2.959625751,-2.957556328,-2.947821361,-2.956841568,-2.906148253,-3.027438995,-2.958219001,-2.957468899,-2.926091246,-2.899129787,-3.027438995,-2.958219001,-2.957468899,-2.926091246,-2.899129787
2.49,-3.360181191,-3.026719463,-3.003672162,-2.959588025,-2.957525636,-2.947821914,-2.956810469,-2.906078282,-3.027398173,-2.95818299,-2.957434778,-2.926072545,-2.898928201,-3.027398173,-2.95818299,-2.957434778,-2.926072545,-2.898928201
2.5,-3.360208822,-3.026692111,-3.003799105,-2.959550899,-2.957495719,-2.947823312,-2.956780146,-2.906008971,-3.027358263,-2.958147816,-2.957401438,-2.926054635,-2.898726982,-3.027358263,-2.958147816,-2.957401438,-2.926054635,-2.898726982
2.51,-3.360235555,-3.026665485,-3.003927555,-2.95951435,-2.957466555,-2.947825516,-2.956750576,-2.905940297,-3.027319238,-2.958113455,-2.957368855,-2.926037489,-2.898526123,-3.027319238,-2.958113455,-2.957368855,-2.926037489,-2.898526123
2.52,-3.360261418,-3.026639563,-3.004057445,-2.959478358,-2.95743812,-2.947828489,-2.956721738,-2.905872237,-3.027281078,-2.958079885,-2.957337008,-2.926021083,-2.898325617,-3.027281078,-2.958079885,-2.957337008,-2.926021083,-2.898325617
2.53,-3.360286438,-3.026614323,-3.00418871,-2.959442903,-2.957410394,-2.947832195,-2.95669361,-2.90580477,-3.027243758,-2.958047082,-2.957305867,-2.926005392,-2.898125459,-3.027243758,-2.958047082,-2.957305867,-2.926005392,-2.898125459
2.54,-3.360310642,-3.026589745,-3.004321284,-2.959407965,-2.957383356,-2.947836598,-2.956666173,-2.905737874,-3.027207256,-2.958015025,-2.957275429,-2.925990391,-2.897925644,-3.027207256,-2.958015025,-2.957275429,-2.925990391,-2.897925644
2.55,-3.360334056,-3.026565809,-3.004455105,-2.959373526,-2.957356986,-2.947841664,-2.956639406,-2.905671529,-3.027171553,-2.957983692,-2.957245664,-2.925976058,-2.897726171,-3.027171553,-2.957983692,-2.957245664,-2.925976058,-2.897726171
2.56,-3.360356704,-3.026542496,-3.004590108,-2.959339567,-2.957331264,-2.94784736,-2.956613289,-2.905605714,-3.027136626,-2.957953062,-2.957216554,-2.925962371,-2.897527035,-3.027136626,-2.957953062,-2.957216554,-2.925962371,-2.897527035
2.57,-3.360378612,-3.026519787,-3.004726232,-2.959306072,-2.957306172,-2.947853653,-2.956587805,-2.905540411,-3.027102457,-2.957923116,-2.95718808,-2.925949306,-2.897328235,-3.027102457,-2.957923116,-2.95718808,-2.925949306,-2.897328235
2.58,-3.360399802,-3.026497664,-3.004863417,-2.959273023,-2.957281692,-2.947860513,-2.956562936,-2.9054756,-3.027069025,-2.957893834,-2.957160224,-2.925936844,-2.897129771,-3.027069025,-2.957893834,-2.957160224,-2.925936844,-2.897129771
2.59,-3.360420297,-3.026476109,-3.005001603,-2.959240405,-2.957257805,-2.947867907,-2.956538663,-2.905411264,-3.027036312,-2.957865197,-2.957132968,-2.925924963,-2.896931642,-3.027036312,-2.957865197,-2.957132968,-2.925924963,-2.896931642
2.6,-3.360440121,-3.026455107,-3.00514073,-2.959208203,-2.957234496,-2.947875808,-2.956514971,-2.905347386,-3.0270043,-2.957837186,-2.957106297,-2.925913644,-2.896733849,-3.0270043,-2.957837186,-2.957106297,-2.925913644,-2.896733849
2.61,-3.360459293,-3.02643464,-3.005280741,-2.959176402,-2.957211746,-2.947884186,-2.956491842,-2.905283947,-3.02697297,-2.957809785,-2.957080192,-2.925902866,-2.896536395,-3.02697297,-2.957809785,-2.957080192,-2.925902866,-2.896536395
2.62,-3.360477835,-3.026414692,-3.00542158,-2.959144988,-2.957189541,-2.947893014,-2.95646926,-2.905220932,-3.026942306,-2.957782975,-2.957054639,-2.925892612,-2.896339291,-3.026942306,-2.957782975,-2.957054639,-2.925892612,-2.896339291
2.63,-3.360495766,-3.026395243,-3.00556319,-2.959113948,-2.957167857,-2.947902266,-2.956447212,-2.905158325,-3.026912291,-2.957756739,-2.957029623,-2.925882863,-2.89614252,-3.026912291,-2.957756739,-2.957029623,-2.925882863,-2.89614252
2.64,-3.360513108,-3.026376289,-3.005705518,-2.959083268,-2.957146695,-2.947911915,-2.956425681,-2.905096111,-3.026882909,-2.957731062,-2.957005128,-2.9258736,-2.895946098,-3.026882909,-2.957731062,-2.957005128,-2.9258736,-2.895946098
2.65,-3.360529878,-3.026357811,-3.005848509,-2.959052938,-2.957126032,-2.947921936,-2.956404653,-2.905034274,-3.026854144,-2.957705928,-2.956981141,-2.925864808,-2.895750027,-3.026854144,-2.957705928,-2.956981141,-2.925864808,-2.895750027
2.66,-3.360546094,-3.026339794,-3.005992111,-2.959022943,-2.957105854,-2.947932306,-2.956384114,-2.904972801,-3.02682598,-2.957681321,-2.956957648,-2.925856469,-2.895554315,-3.02682598,-2.957681321,-2.956957648,-2.925856469,-2.895554315
2.67,-3.360561776,-3.026322225,-3.006136273,-2.958993274,-2.957086148,-2.947943001,-2.956364052,-2.904911677,-3.026798404,-2.957657227,-2.956934635,-2.925848567,-2.895358967,-3.026798404,-2.957657227,-2.956934635,-2.925848567,-2.895358967
2.68,-3.360576939,-3.026305091,-3.006280945,-2.95896392,-2.957066899,-2.947953999,-2.956344451,-2.904850888,-3.026771399,-2.95763363,-2.95691209,-2.925841085,-2.895163992,-3.026771399,-2.95763363,-2.95691209,-2.925841085,-2.895163992
2.69,-3.360591601,-3.026288379,-3.006426076,-2.95893487,-2.957048097,-2.947965278,-2.956325301,-2.904790422,-3.026744954,-2.957610517,-2.95689,-2.92583401,-2.894969396,-3.026744954,-2.957610517,-2.95689,-2.92583401,-2.894969396
2.7,-3.360605778,-3.026272078,-3.006571619,-2.958906115,-2.957029727,-2.947976817,-2.956306589,-2.904730267,-3.026719052,-2.957587874,-2.956868352,-2.925827325,-2.89477519,-3.026719052,-2.957587874,-2.956868352,-2.925827325,-2.89477519
2.71,-3.360619485,-3.026256174,-3.006717527,-2.958877645,-2.957011778,-2.947988598,-2.956288302,-2.904670409,-3.026693683,-2.957565688,-2.956847137,-2.925821017,-2.894581382,-3.026693683,-2.957565688,-2.956847137,-2.925821017,-2.894581382
2.72,-3.360632738,-3.026240658,-3.006863753,-2.958849451,-2.956994238,-2.948000599,-2.956270429,-2.904610837,-3.026668832,-2.957543946,-2.956826341,-2.925815072,-2.894387985,-3.026668832,-2.957543946,-2.956826341,-2.925815072,-2.894387985
2.73,-3.360645551,-3.026225517,-3.007010253,-2.958821524,-2.956977096,-2.948012803,-2.956252959,-2.90455154,-3.026644488,-2.957522636,-2.956805955,-2.925809475,-2.89419501,-3.026644488,-2.957522636,-2.956805955,-2.925809475,-2.89419501
2.74,-3.360657939,-3.026210741,-3.007156982,-2.958793857,-2.956960341,-2.948025193,-2.956235882,-2.904492505,-3.026620637,-2.957501745,-2.956785967,-2.925804214,-2.894002469,-3.026620637,-2.957501745,-2.956785967,-2.925804214,-2.894002469
2.75,-3.360669916,-3.026196319,-3.007303897,-2.958766442,-2.956943962,-2.94803775,-2.956219186,-2.904433724,-3.026597262,-2.957481261,-2.956766367,-2.925799275,-2.893810378,-3.026597262,-2.957481261,-2.956766367,-2.925799275,-2.893810378
2.76,-3.360681495,-3.026182243,-3.007450957,-2.958739271,-2.956927949,-2.948050459,-2.956202861,-2.904375184,-3.026574365,-2.957461174,-2.956747146,-2.925794647,-2.893618752,-3.026574365,-2.957461174,-2.956747146,-2.925794647,-2.893618752
2.77,-3.360692689,-3.0261685,-3.00759812,-2.958712337,-2.956912292,-2.948063305,-2.956186898,-2.904316877,-3.026551927,-2.957441471,-2.956728294,-2.925790318,-2.893427608,-3.026551927,-2.957441471,-2.956728294,-2.925790318,-2.893427608
2.78,-3.36070351,-3.026155083,-3.007745347,-2.958685633,-2.956896981,-2.948076271,-2.956171287,-2.904258792,-3.026529938,-2.957422143,-2.956709802,-2.925786274,-2.893236966,-3.026529938,-2.957422143,-2.956709802,-2.925786274,-2.893236966
2.79,-3.360713971,-3.026141983,-3.007892598,-2.958659154,-2.956882007,-2.948089344,-2.956156018,-2.904200919,-3.026508388,-2.957403179,-2.95669166,-2.925782506,-2.893046845,-3.026508388,-2.957403179,-2.95669166,-2.925782506,-2.893046845
2.8,-3.360724083,-3.026129189,-3.008039836,-2.958632893,-2.95686736,-2.94810251,-2.956141083,-2.904143251,-3.026487265,-2.957384568,-2.95667386,-2.925779002,-2.89285727,-3.026487265,-2.957384568,-2.95667386,-2.925779002,-2.89285727
2.81,-3.360733858,-3.026116693,-3.008187025,-2.958606844,-2.956853032,-2.948115756,-2.956126473,-2.904085777,-3.02646656,-2.957366301,-2.956656393,-2.925775752,-2.892668266,-3.02646656,-2.957366301,-2.956656393,-2.925775752,-2.892668266
2.82,-3.360743307,-3.026104488,-3.008334127,-2.958581003,-2.956839014,-2.948129069,-2.956112179,-2.904028489,-3.026446263,-2.957348368,-2.956639252,-2.925772744,-2.892479863,-3.026446263,-2.957348368,-2.956639252,-2.925772744,-2.892479863
2.83,-3.360752441,-3.026092565,-3.008481108,-2.958555363,-2.956825298,-2.948142437,-2.956098193,-2.903971379,-3.026426366,-2.95733076,-2.956622428,-2.925769969,-2.892292094,-3.026426366,-2.95733076,-2.956622428,-2.925769969,-2.892292094
2.84,-3.36076127,-3.026080916,-3.008627942,-2.95852992,-2.956811875,-2.94815585,-2.956084507,-2.903914439,-3.026406857,-2.957313468,-2.956605913,-2.925767417,-2.892104998,-3.026406857,-2.957313468,-2.956605913,-2.925767417,-2.892104998
2.85,-3.360769803,-3.026069534,-3.008774581,-2.958504669,-2.956798738,-2.948169295,-2.956071113,-2.903857661,-3.026387729,-2.957296482,-2.956589701,-2.925765079,-2.89191862,-3.026387729,-2.957296482,-2.956589701,-2.925765079,-2.89191862
2.86,-3.360778052,-3.02605841,-3.008921001,-2.958479607,-2.956785879,-2.948182762,-2.956058004,-2.903801038,-3.026368973,-2.957279795,-2.956573783,-2.925762945,-2.891733012,-3.026368973,-2.957279795,-2.956573783,-2.925762945,-2.891733012
2.87,-3.360786024,-3.026047539,-3.009067169,-2.958454729,-2.956773291,-2.948196243,-2.956045172,-2.903744561,-3.026350581,-2.957263397,-2.956558153,-2.925761006,-2.891548249,-3.026350581,-2.957263397,-2.956558153,-2.925761006,-2.891548249
2.88,-3.36079373,-3.026036912,-3.009213058,-2.958430031,-2.956760966,-2.948209726,-2.956032611,-2.903688225,-3.026332543,-2.957247282,-2.956542805,-2.925759254,-2.891364387,-3.026332543,-2.957247282,-2.956542805,-2.925759254,-2.891364387
2.89,-3.360801178,-3.026026524,-3.009358636,-2.958405509,-2.956748897,-2.948223204,-2.956020313,-2.903632022,-3.026314853,-2.957231441,-2.956527731,-2.92575768,-2.891181533,-3.026314853,-2.957231441,-2.956527731,-2.92575768,-2.891181533
2.9,-3.360808376,-3.026016368,-3.009503875,-2.95838116,-2.956737078,-2.948236667,-2.956008271,-2.903575946,-3.026297501,-2.957215867,-2.956512925,-2.925756276,-2.890999806,-3.026297501,-2.957215867,-2.956512925,-2.925756276,-2.890999806
2.91,-3.360815333,-3.026006436,-3.00964875,-2.958356982,-2.956725502,-2.948250108,-2.95599648,-2.90351999,-3.026280481,-2.957200552,-2.956498381,-2.925755034,-2.890819363,-3.026280481,-2.957200552,-2.956498381,-2.925755034,-2.890819363
2.92,-3.360822056,-3.025996724,-3.009793232,-2.95833297,-2.956714163,-2.948263518,-2.955984933,-2.903464148,-3.026263786,-2.957185489,-2.956484092,-2.925753946,-2.89064041,-3.026263786,-2.957185489,-2.956484092,-2.925753946,-2.89064041
2.93,-3.360828554,-3.025987226,-3.009937296,-2.958309122,-2.956703054,-2.948276891,-2.955973623,-2.903408414,-3.026247407,-2.957170671,-2.956470054,-2.925753005,-2.890463223,-3.026247407,-2.957170671,-2.956470054,-2.925753005,-2.890463223
2.94,-3.360834834,-3.025977934,-3.010080917,-2.958285436,-2.95669217,-2.94829022,-2.955962546,-2.903352783,-3.026231337,-2.957156092,-2.95645626,-2.925752204,-2.890288187,-3.026231337,-2.957156092,-2.95645626,-2.925752204,-2.890288187
2.95,-3.360840903,-3.025968845,-3.010224072,-2.958261909,-2.956681504,-2.948303498,-2.955951694,-2.903297248,-3.026215571,-2.957141744,-2.956442704,-2.925751535,-2.890115852,-3.026215571,-2.957141744,-2.956442704,-2.925751535,-2.890115852
2.96,-3.360846768,-3.025959952,-3.010366737,-2.958238539,-2.956671051,-2.948316719,-2.955941062,-2.903241804,-3.026200101,-2.957127622,-2.956429382,-2.925750992,-2.889947026,-3.026200101,-2.957127622,-2.956429382,-2.925750992,-2.889947026
2.97,-3.360852436,-3.02595125,-3.01050889,-2.958215324,-2.956660806,-2.948329877,-2.955930645,-2.903186446,-3.02618492,-2.957113719,-2.956416288,-2.925750568,-2.889782932,-3.02618492,-2.957113719,-2.956416288,-2.925750568,-2.889782932
2.98,-3.360857913,-3.025942735,-3.010650509,-2.958192257,-2.956650762,-2.948342966,-2.955920438,-2.903131169,-3.026170023,-2.957100029,-2.956403417,-2.925750257,-2.889625474,-3.026170023,-2.957100029,-2.956403417,-2.925750257,-2.889477664
2.99,-3.360863206,-3.0259344,-3.010791574,-2.958169345,-2.956640915,-2.948355982,-2.955910435,-2.903075968,-3.026155403,-2.957086547,-2.956390764,-2.925750052,-2.889477664,-3.026155403,-2.957086547,-2.956390764,-2.925750052,-2.889344196
3,-3.360868321,-3.025926242,-3.010932064,-2.958146583,-2.95663126,-2.948368919,-2.955900632,-2.903020838,-3.026141053,-2.957073266,-2.956378325,-2.925749948,-2.889344196,-3.026141053,-2.957073266,-2.956378325,-2.925749948,-2.889231809
3.01,-3.360873263,-3.025918255,-3.011071961,-2.958123969,-2.956621792,-2.948381773,-2.955891023,-2.902965774,-3.026126969,-2.957060182,-2.956366094,-2.925749938,-2.889231809,-3.026126969,-2.957060182,-2.956366094,-2.925749938,-2.889148172
3.02,-3.360878039,-3.025910436,-3.011211245,-2.9581015,-2.956612505,-2.948394539,-2.955881603,-2.902910772,-3.026113144,-2.957047288,-2.956354067,-2.925750018,-2.889148172,-3.026113144,-2.957047288,-2.956354067,-2.925750018,-2.889098044
3.03,-3.360882653,-3.025902779,-3.0113499,-2.958079177,-2.956603396,-2.948407214,-2.955872369,-2.902855829,-3.026099571,-2.95703458,-2.95634224,-2.92575018,-2.889098044,-3.026099571,-2.95703458,-2.95634224,-2.92575018,-2.889079543
3.04,-3.360887112,-3.025895281,-3.011487907,-2.958056998,-2.95659446,-2.948419792,-2.955863315,-2.902800938,-3.026086247,-2.957022053,-2.956330608,-2.92575042,-2.889079543,-3.026086247,-2.957022053,-2.956330608,-2.92575042,-2.889085576
3.05,-3.36089142,-3.025887937,-3.01162525,-2.958034961,-2.956585693,-2.948432272,-2.955854437,-2.902746098,-3.026073166,-2.957009701,-2.956319167,-2.925750735,-2.889085576,-3.026073166,-2.957009701,-2.956319167,-2.925750735,-2.889108393
3.06,-3.360895582,-3.025880743,-3.011761914,-2.958013066,-2.956577089,-2.948444648,-2.955845731,-2.902691303,-3.026060323,-2.956997521,-2.956307914,-2.925751117,-2.889108393,-3.026060323,-2.956997521,-2.956307914,-2.925751117,-2.889142117
3.07,-3.360899603,-3.025873697,-3.011897884,-2.957991311,-2.956568646,-2.948456919,-2.955837194,-2.902636549,-3.026047711,-2.956985507,-2.956296844,-2.925751562,-2.889142117,-3.026047711,-2.956985507,-2.956296844,-2.925751562,-2.889182889
3.08,-3.360903489,-3.025866792,-3.012033147,-2.957969698,-2.956560359,-2.948469089,-2.955828819,-2.902581834,-3.026035327,-2.956973654,-2.956285953,-2.925752065,-2.889182889,-3.026035327,-2.956973654,-2.956285953,-2.925752065,-2.88922827
3.09,-3.360907242,-3.025860027,-3.012167684,-2.957948223,-2.956552224,-2.948481139,-2.955820605,-2.902527154,-3.026023166,-2.95696196,-2.956275237,-2.925752623,-2.88922827,-3.026023166,-2.95696196,-2.956275237,-2.925752623,-2.889276717
3.1,-3.360910868,-3.025853398,-3.012301486,-2.957926887,-2.956544237,-2.948493076,-2.955812547,-2.902472505,-3.026011222,-2.956950419,-2.956264694,-2.92575323,-2.889276717,-3.026011222,-2.956950419,-2.956264694,-2.92575323,-2.889327233
3.11,-3.360914372,-3.025846901,-3.012434539,-2.957905689,-2.956536395,-2.948504896,-2.955804641,-2.902417884,-3.025999491,-2.956939027,-2.956254319,-2.925753883,-2.889327233,-3.025999491,-2.956939027,-2.956254319,-2.925753883,-2.889379157
3.12,-3.360917756,-3.025840533,-3.012566831,-2.957884628,-2.956528694,-2.948516598,-2.955796884,-2.902363288,-3.025987969,-2.95692778,-2.956244109,-2.925754577,-2.889379157,-3.025987969,-2.95692778,-2.956244109,-2.925754577,-2.889432037
3.13,-3.360921025,-3.02583429,-3.01269835,-2.957863705,-2.95652113,-2.948528179,-2.955789272,-2.902308714,-3.025976652,-2.956916676,-2.95623406,-2.925755308,-2.889432037,-3.025976652,-2.956916676,-2.95623406,-2.925755308,-2.889485554
3.14,-3.360924182,-3.025828171,-3.012829087,-2.957842918,-2.956513701,-2.948539638,-2.955781802,-2.902254159,-3.025965534,-2.956905709,-2.956224169,-2.925756072,-2.889485554,-3.025965534,-2.956905709,-2.956224169,-2.925756072,-2.889539482
3.15,-3.360927232,-3.02582217,-3.01295903,-2.957822268,-2.956506403,-2.948550972,-2.95577447,-2.90219962,-3.025954612,-2.956894876,-2.956214434,-2.925756867,-2.889539482,-3.025954612,-2.956894876,-2.956214434,-2.925756867,-2.889593652
3.16,-3.360930178,-3.025816287,-3.013088169,-2.957801754,-2.956499233,-2.948562181,-2.955767274,-2.902145095,-3.025943881,-2.956884174,-2.95620485,-2.925757687,-2.889593652,-3.025943881,-2.956884174,-2.95620485,-2.925757687,-2.88964794
3.17,-3.360933023,-3.025810517,-3.013216496,-2.957781375,-2.956492187,-2.948573263,-2.95576021,-2.90209058,-3.025933338,-2.956873599,-2.956195416,-2.92575853,-2.88964794,-3.025933338,-2.956873599,-2.956195416,-2.92575853,-2.889702248
3.18,-3.360935771,-3.025804858,-3.013344001,-2.957761133,-2.956485263,-2.948584216,-2.955753275,-2.902036073,-3.025922979,-2.956863148,-2.956186127,-2.925759392,-2.889702248,-3.025922979,-2.956863148,-2.956186127,-2.925759392,-2.889756504
3.19,-3.360938424,-3.025799308,-3.013470676,-2.957741026,-2.956478457,-2.94859504,-2.955746466,-2.901981572,-3.025912799,-2.956852818,-2.956176981,-2.925760271,-2.889756504,-3.025912799,-2.956852818,-2.956176981,-2.925760271,-2.88981065
3.2,-3.360940987,-3.025793863,-3.013596513,-2.957721054,-2.956471767,-2.948605734,-2.955739781,-2.901927075,-3.025902796,-2.956842606,-2.956167975,-2.925761162,-2.88981065,-3.025902796,-2.956842606,-2.956167975,-2.925761162,-2.889864638
3.21,-3.360943462,-3.025788513,-3.013721505,-2.957701217,-2.95646519,-2.948616297,-2.955733215,-2.901872578,-3.025892965,-2.956832508,-2.956159106,-2.925762063,-2.889864638,-3.025892965,-2.956832508,-2.956159106,-2.925762063,-2.889918433
3.22,-3.360945851,-3.025783273,-3.013845644,-2.957681516,-2.956458724,-2.948626727,-2.955726768,-2.901818081,-3.025883303,-2.956822522,-2.956150373,-2.925762971,-2.889918433,-3.025883303,-2.956822522,-2.956150373,-2.925762971,-2.889971996
3.23,-3.360948158,-3.025778132,-3.013968925,-2.95766195,-2.956452365,-2.948637025,-2.955720435,-2.901763581,-3.025873807,-2.956812646,-2.956141771,-2.925763884,-2.889971996,-3.025873807,-2.956812646,-2.956141771,-2.925763884,-2.89002532
3.24,-3.360950385,-3.025773086,-3.01409134,-2.957642519,-2.956446111,-2.948647191,-2.955714214,-2.901709075,-3.025864468,-2.956802875,-2.956133299,-2.925764798,-2.89002532,-3.025864468,-2.956802875,-2.956133299,-2.925764798,-2.890078374
3.25,-3.360952536,-3.025768135,-3.014212885,-2.957623223,-2.95643996,-2.948657222,-2.955708104,-2.901654563,-3.025855292,-2.956793208,-2.956124954,-2.92576571,-2.890078374,-3.025855292,-2.956793208,-2.956124954,-2.92576571,-2.890131143
3.26,-3.360954612,-3.025763275,-3.014333554,-2.957604063,-2.956433908,-2.948667121,-2.955702101,-2.901600042,-3.025846273,-2.956783642,-2.956116733,-2.925766619,-2.890131143,-3.025846273,-2.956783642,-2.956116733,-2.925766619,-2.890183612
3.27,-3.360956615,-3.025758505,-3.014453342,-2.957585037,-2.956427955,-2.948676885,-2.955696203,-2.901545503,-3.025837405,-2.956774172,-2.956108635,-2.925767522,-2.890183612,-3.025837405,-2.956774172,-2.956108635,-2.925767522,-2.890235769
3.28,-3.36095855,-3.025753823,-3.014572245,-2.957566147,-2.956422097,-2.948686516,-2.955690407,-2.901490959,-3.025828687,-2.956764801,-2.956100656,-2.925768416,-2.890235769,-3.025828687,-2.956764801,-2.956100656,-2.925768416,-2.890287606
3.29,-3.360960416,-3.025749226,-3.014690259,-2.957547393,-2.956416332,-2.948696013,-2.955684712,-2.901436401,-3.025820115,-2.956755524,-2.956092795,-2.925769299,-2.890287606,-3.025820115,-2.956755524,-2.956092795,-2.925769299,-2.890339113
3.3,-3.360962218,-3.025744714,-3.014807379,-2.957528773,-2.956410659,-2.948705376,-2.955679115,-2.901381827,-3.025811687,-2.956746339,-2.95608505,-2.92577017,-2.890339113,-3.025811687,-2.956746339,-2.95608505,-2.92577017,-2.890390284
3.31,-3.360963957,-3.025740283,-3.014923602,-2.957510289,-2.956405074,-2.948714606,-2.955673614,-2.901327237,-3.025803399,-2.956737243,-2.956077418,-2.925771025,-2.890390284,-3.025803399,-2.956737243,-2.956077418,-2.925771025,-2.890441111
3.32,-3.360965635,-3.025735932,-3.015038926,-2.95749194,-2.956399576,-2.948723703,-2.955668207,-2.901272628,-3.025795249,-2.956728234,-2.956069886,-2.925771863,-2.890441111,-3.025795249,-2.956728234,-2.956069886,-2.925771863,-2.890491591
3.33,-3.360967253,-3.025731659,-3.015153347,-2.957473728,-2.956394162,-2.948732667,-2.955662892,-2.901218,-3.025787234,-2.956719311,-2.956062474,-2.925772682,-2.890491591,-3.025787234,-2.956719311,-2.956062474,-2.925772682,-2.890541719
3.34,-3.360968815,-3.025727463,-3.015266853,-2.95745565,-2.956388832,-2.9487415,-2.955657667,-2.90116335,-3.025779352,-2.956710471,-2.95605517,-2.925773481,-2.890541719,-3.025779352,-2.956710471,-2.95605517,-2.925773481,-2.89059149
3.35,-3.360970322,-3.025723342,-3.015379463,-2.957437709,-2.956383582,-2.9487502,-2.955652519,-2.901108679,-3.025771599,-2.956701712,-2.956047971,-2.925774256,-2.89059149,-3.025771599,-2.956701712,-2.956047971,-2.925774256,-2.890640902
3.36,-3.360971775,-3.025719294,-3.015491164,-2.957419903,-2.956378411,-2.94875877,-2.955647469,-2.901053984,-3.025763973,-2.956693033,-2.956040875,-2.925775007,-2.890640902,-3.025763973,-2.956693033,-2.956040875,-2.925775007,-2.890689953
3.37,-3.360973177,-3.025715318,-3.015601954,-2.957402233,-2.956373318,-2.948767209,-2.955642502,-2.900999264,-3.025756472,-2.956684432,-2.956033881,-2.925775732,-2.890689953,-3.025756472,-2.956684432,-2.956033881,-2.925775732,-2.890738639
3.38,-3.36097453,-3.025711412,-3.015711833,-2.957384699,-2.956368288,-2.948775519,-2.955637618,-2.90094452,-3.025749094,-2.956675907,-2.956026986,-2.925776429,-2.890738639,-3.025749094,-2.956675907,-2.956026986,-2.925776429,-2.890786958
3.39,-3.360975834,-3.025707575,-3.0158208,-2.957367301,-2.956363344,-2.9487837,-2.955632814,-2.900889748,-3.025741835,-2.956667456,-2.956020189,-2.925777097,-2.890786958,-3.025741835,-2.956667456,-2.956020189,-2.925777097,-2.89083491
3.4,-3.360977091,-3.025703805,-3.015928854,-2.957350039,-2.956358471,-2.948791754,-2.95562809,-2.90083495,-3.025734694,-2.956659078,-2.956013488,-2.925777733,-2.89083491,-3.025734694,-2.956659078,-2.956013488,-2.925777733,-2.890882493
3.41,-3.360978304,-3.025700101,-3.016035994,-2.957332914,-2.956353669,-2.948799681,-2.955623443,-2.900780123,-3.025727668,-2.956650772,-2.956006882,-2.925778338,-2.890882493,-3.025727668,-2.956650772,-2.956006882,-2.925778338,-2.890929705
3.42,-3.360979473,-3.025696461,-3.016142221,-2.957315924,-2.956348935,-2.948807483,-2.955618872,-2.900725267,-3.025720756,-2.956642535,-2.956000368,-2.925778909,-2.890929705,-3.025720756,-2.956642535,-2.956000368,-2.925778909,-2.890976545
3.43,-3.360980599,-3.025692885,-3.016247534,-2.957299071,-2.956344268,-2.94881516,-2.955614375,-2.900670381,-3.025713954,-2.956634367,-2.955993945,-2.925779445,-2.890976545,-3.025713954,-2.956634367,-2.955993945,-2.925779445,-2.891023013
3.44,-3.360981686,-3.025689369,-3.016351934,-2.957282354,-2.956339666,-2.948822714,-2.955609951,-2.900615464,-3.025707262,-2.956626265,-2.955987612,-2.925779945,-2.891023013,-3.025707262,-2.956626265,-2.955987612,-2.925779945,-2.891069108
3.45,-3.360982733,-3.025685915,-3.016455422,-2.957265773,-2.956335128,-2.948830146,-2.955605598,-2.900560516,-3.025700676,-2.95661823,-2.955981367,-2.925780407,-2.891069108,-3.025700676,-2.95661823,-2.955981367,-2.925780407,-2.89111483
3.46,-3.360983742,-3.025682519,-3.016557998,-2.957249329,-2.956330652,-2.948837458,-2.955601315,-2.900505537,-3.025694195,-2.956610258,-2.955975208,-2.92578083,-2.89111483,-3.025694195,-2.956610258,-2.955975208,-2.92578083,-2.891160178
3.47,-3.360984714,-3.025679182,-3.016659664,-2.957233021,-2.956326238,-2.94884465,-2.9555971,-2.900450524,-3.025687818,-2.95660235,-2.955969134,-2.925781214,-2.891160178,-3.025687818,-2.95660235,-2.955969134,-2.925781214,-2.891205152
3.48,-3.360985651,-3.025675901,-3.01676042,-2.95721685,-2.956321882,-2.948851725,-2.955592952,-2.900395479,-3.025681541,-2.956594503,-2.955963144,-2.925781557,-2.891205152,-3.025681541,-2.956594503,-2.955963144,-2.925781557,-2.891249752
3.49,-3.360986553,-3.025672676,-3.016860269,-2.957200814,-2.956317585,-2.948858683,-2.95558887,-2.9003404,-3.025675363,-2.956586717,-2.955957236,-2.925781859,-2.891249752,-3.025675363,-2.956586717,-2.955957236,-2.925781859,-2.891293977
3.5,-3.360987422,-3.025669506,-3.016959211,-2.957184915,-2.956313344,-2.948865526,-2.955584853,-2.900285287,-3.025669282,-2.956578991,-2.955951409,-2.925782117,-2.891293977,-3.025669282,-2.956578991,-2.955951409,-2.925782117,-2.891337829
3.51,-3.36098826,-3.025666388,-3.01705725,-2.957169153,-2.956309158,-2.948872256,-2.955580898,-2.90023014,-3.025663297,-2.956571321,-2.955945661,-2.925782329,-2.891337829,-3.025663297,-2.956571321,-2.955945661,-2.925782329,-2.891381305
3.52,-3.360989066,-3.025663323,-3.017154386,-2.957153527,-2.956305026,-2.948878874,-2.955577006,-2.900174958,-3.025657406,-2.95656371,-2.955939991,-2.925782499,-2.891381305,-3.025657406,-2.95656371,-2.955939991,-2.925782499,-2.891424408
3.53,-3.360989843,-3.02566031,-3.017250622,-2.957138037,-2.956300947,-2.948885382,-2.955573174,-2.90011974,-3.025651607,-2.956556156,-2.955934398,-2.925782624,-2.891424408,-3.025651607,-2.956556156,-2.955934398,-2.925782624,-2.891467127
3.54,-3.36099059,-3.025657346,-3.017345961,-2.957122683,-2.956296919,-2.948891781,-2.955569402,-2.900064488,-3.025645899,-2.956548658,-2.955928881,-2.925782702,-2.891467127,-3.025645899,-2.956548658,-2.955928881,-2.925782702,-2.891509482
3.55,-3.36099131,-3.025654431,-3.017440406,-2.957107465,-2.956292941,-2.948898074,-2.955565688,-2.900009199,-3.025640279,-2.956541214,-2.955923438,-2.925782732,-2.891509482,-3.025640279,-2.956541214,-2.955923438,-2.925782732,-2.891551463
3.56,-3.360992003,-3.025651565,-3.017533958,-2.957092383,-2.956289011,-2.948904262,-2.955562032,-2.899953874,-3.025634746,-2.956533824,-2.955918068,-2.925782715,-2.891551463,-3.025634746,-2.956533824,-2.955918068,-2.925782715,-2.891593071
3.57,-3.36099267,-3.025648746,-3.017626621,-2.957077438,-2.956285129,-2.948910347,-2.955558432,-2.899898514,-3.025629299,-2.956526486,-2.95591277,-2.925782649,-2.891593071,-3.025629299,-2.956526486,-2.95591277,-2.925782649,-2.891634305
3.58,-3.360993312,-3.025645973,-3.017718398,-2.957062628,-2.956281294,-2.948916331,-2.955554887,-2.899843116,-3.025623937,-2.9565192,-2.955907542,-2.925782534,-2.891634305,-3.025623937,-2.9565192,-2.955907542,-2.925782534,-2.891675167
3.59,-3.360993929,-3.025643245,-3.017809292,-2.957047954,-2.956277503,-2.948922215,-2.955551396,-2.899787683,-3.025618657,-2.956511966,-2.955902385,-2.925782368,-2.891675167,-3.025618657,-2.956511966,-2.955902385,-2.925782368,-2.891715656
3.6,-3.360994523,-3.025640562,-3.017899307,-2.957033416,-2.956273756,-2.948928002,-2.955547958,-2.899732212,-3.025613458,-2.956504781,-2.955897295,-2.925782152,-2.891715656,-3.025613458,-2.956504781,-2.955897295,-2.925782152,-2.891755773
3.61,-3.360995095,-3.025637922,-3.017988445,-2.957019013,-2.956270052,-2.948933693,-2.955544573,-2.899676705,-3.025608339,-2.956497646,-2.955892274,-2.925781884,-2.891755773,-3.025608339,-2.956497646,-2.955892274,-2.925781884,-2.891795519
3.62,-3.360995644,-3.025635325,-3.018076712,-2.957004746,-2.95626639,-2.94893929,-2.955541238,-2.899621161,-3.025603298,-2.956490561,-2.955887318,-2.925781565,-2.891795519,-3.025603298,-2.956490561,-2.955887318,-2.925781565,-2.891834892
3.63,-3.360996173,-3.025632769,-3.01816411,-2.956990614,-2.956262768,-2.948944795,-2.955537954,-2.899565581,-3.025598334,-2.956483523,-2.955882428,-2.925781192,-2.891834892,-3.025598334,-2.956483523,-2.955882428,-2.925781192,-2.891873895
3.64,-3.360996681,-3.025630255,-3.018250644,-2.956976617,-2.956259185,-2.948950211,-2.95553472,-2.899509963,-3.025593446,-2.956476532,-2.955877602,-2.925780767,-2.891873895,-3.025593446,-2.956476532,-2.955877602,-2.925780767,-2.891912527
3.65,-3.36099717,-3.025627781,-3.018336317,-2.956962756,-2.956255641,-2.948955539,-2.955531534,-2.899454309,-3.025588633,-2.956469589,-2.95587284,-2.925780288,-2.891912527,-3.025588633,-2.956469589,-2.95587284,-2.925780288,-2.891950789
3.66,-3.36099764,-3.025625346,-3.018421133,-2.956949029,-2.956252134,-2.948960781,-2.955528395,-2.899398618,-3.025583893,-2.956462691,-2.95586814,-2.925779755,-2.891950789,-3.025583893,-2.956462691,-2.95586814,-2.925779755,-2.89198868
3.67,-3.360998091,-3.025622949,-3.018505098,-2.956935437,-2.956248662,-2.94896594,-2.955525303,-2.89934289,-3.025579224,-2.95645584,-2.955863501,-2.925779168,-2.89198868,-3.025579224,-2.95645584,-2.955863501,-2.925779168,-2.892026202
3.68,-3.360998525,-3.025620591,-3.018588214,-2.956921979,-2.956245226,-2.948971017,-2.955522258,-2.899287126,-3.025574627,-2.956449033,-2.955858922,-2.925778525,-2.892026202,-3.025574627,-2.956449033,-2.955858922,-2.925778525,-2.892063355
3.69,-3.360998942,-3.025618269,-3.018670487,-2.956908656,-2.956241824,-2.948976014,-2.955519257,-2.899231325,-3.025570099,-2.956442271,-2.955854403,-2.925777827,-2.892063355,-3.025570099,-2.956442271,-2.955854403,-2.925777827,-2.892100139
3.7,-3.360999343,-3.025615983,-3.018751922,-2.956895467,-2.956238454,-2.948980934,-2.955516301,-2.899175488,-3.025565639,-2.956435552,-2.955849942,-2.925777073,-2.892100139,-3.025565639,-2.956435552,-2.955849942,-2.925777073,-2.892136555
3.71,-3.360999728,-3.025613734,-3.018832522,-2.956882412,-2.956235116,-2.948985779,-2.955513388,-2.899119615,-3.025561247,-2.956428877,-2.955845539,-2.925776262,-2.892136555,-3.025561247,-2.956428877,-2.955845539,-2.925776262,-2.892172603
3.72,-3.361000097,-3.025611519,-3.018912293,-2.956869491,-2.956231809,-2.94899055,-2.955510518,-2.899063706,-3.02555692,-2.956422245,-2.955841193,-2.925775395,-2.892172603,-3.02555692,-2.956422245,-2.955841193,-2.925775395,-2.892208283
3.73,-3.361000452,-3.025609338,-3.018991239,-2.956856703,-2.956228532,-2.948995251,-2.95550769,-2.899007762,-3.025552659,-2.956415656,-2.955836903,-2.925774471,-2.892208283,-3.025552659,-2.956415656,-2.955836903,-2.925774471,-2.892243595
3.74,-3.361000793,-3.025607191,-3.019069365,-2.956844049,-2.956225283,-2.948999882,-2.955504904,-2.898951782,-3.025548461,-2.956409108,-2.955832668,-2.925773489,-2.892243595,-3.025548461,-2.956409108,-2.955832668,-2.925773489,-2.892278541
3.75,-3.36100112,-3.025605076,-3.019146677,-2.956831528,-2.956222062,-2.949004447,-2.955502158,-2.898895766,-3.025544327,-2.956402602,-2.955828487,-2.92577245,-2.892278541,-3.025544327,-2.956402602,-2.955828487,-2.92577245,-2.89231312
3.76,-3.361001434,-3.025602994,-3.019223179,-2.956819141,-2.956218868,-2.949008947,-2.955499453,-2.898839716,-3.025540254,-2.956396137,-2.955824359,-2.925771352,-2.89231312,-3.025540254,-2.956396137,-2.955824359,-2.925771352,-2.892347332
3.77,-3.361001735,-3.025600943,-3.019298876,-2.956806886,-2.956215699,-2.949013384,-2.955496786,-2.898783631,-3.025536242,-2.956389712,-2.955820284,-2.925770196,-2.892347332,-3.025536242,-2.956389712,-2.955820284,-2.925770196,-2.892381179
3.78,-3.361002024,-3.025598923,-3.019373774,-2.956794763,-2.956212555,-2.949017761,-2.955494159,-2.898727511,-3.025532291,-2.956383328,-2.95581626,-2.925768981,-2.892381179,-3.025532291,-2.956383328,-2.95581626,-2.925768981,-2.892414659
3.79,-3.361002301,-3.025596934,-3.019447877,-2.956782773,-2.956209435,-2.94902208,-2.955491569,-2.898671357,-3.025528398,-2.956376984,-2.955812288,-2.925767707,-2.892414659,-3.025528398,-2.956376984,-2.955812288,-2.925767707,-2.892447774
3.8,-3.361002567,-3.025594974,-3.019521192,-2.956770915,-2.956206337,-2.949026343,-2.955489017,-2.89861517,-3.025524563,-2.956370679,-2.955808366,-2.925766374,-2.892447774,-3.025524563,-2.956370679,-2.955808366,-2.925766374,-2.892480524
3.81,-3.361002822,-3.025593043,-3.019593723,-2.956759189,-2.956203261,-2.949030552,-2.955486501,-2.898558949,-3.025520785,-2.956364413,-2.955804494,-2.925764981,-2.892480524,-3.025520785,-2.956364413,-2.955804494,-2.925764981,-2.892512909
3.82,-3.361003066,-3.025591141,-3.019665476,-2.956747595,-2.956200205,-2.949034709,-2.955484022,-2.898502695,-3.025517063,-2.956358187,-2.95580067,-2.925763528,-2.892512909,-3.025517063,-2.956358187,-2.95580067,-2.925763528,-2.892544922
3.83,-3.361003301,-3.025589265,-3.019736456,-2.956736133,-2.956197169,-2.949038817,-2.955481578,-2.898446409,-3.025513396,-2.956351999,-2.955796894,-2.925762015,-2.892544922,-3.025513396,-2.956351999,-2.955796894,-2.925762015,-2.892576578
3.84,-3.361003525,-3.025587419,-3.019806669,-2.956724802,-2.956194152,-2.949042877,-2.955479169,-2.89839009,-3.025509784,-2.956345848,-2.955793166,-2.925760442,-2.892576578,-3.025509784,-2.956345848,-2.955793166,-2.925760442,-2.89260787
3.85,-3.36100374,-3.025585599,-3.01987612,-2.956713602,-2.956191152,-2.949046892,-2.955476794,-2.898333739,-3.025506225,-2.956339736,-2.955789484,-2.925758808,-2.89260787,-3.025506225,-2.956339736,-2.955789484,-2.925758808,-2.892638797
3.86,-3.361003947,-3.025583806,-3.019944815,-2.956702532,-2.95618817,-2.949050864,-2.955474454,-2.898277348,-3.025502719,-2.956333661,-2.955785848,-2.925757113,-2.892638797,-3.025502719,-2.956333661,-2.955785848,-2.925757113,-2.892669361
3.87,-3.361004144,-3.025582038,-3.02001276,-2.956691594,-2.956185202,-2.949054795,-2.955472147,-2.898220935,-3.025499265,-2.95632762,-2.955782257,-2.925755357,-2.892669361,-3.025499265,-2.95632762,-2.955782257,-2.925755357,-2.892699561
3.88,-3.361004333,-3.025580296,-3.02007996,-2.956680786,-2.95618225,-2.949058688,-2.955469872,-2.898164491,-3.025495862,-2.956321619,-2.955778711,-2.92575354,-2.892699561,-3.025495862,-2.956321619,-2.955778711,-2.92575354,-2.892729397
3.89,-3.361004514,-3.025578579,-3.020146421,-2.956670108,-2.956179311,-2.949062543,-2.95546763,-2.898108017,-3.025492509,-2.956315656,-2.955775209,-2.925751662,-2.892729397,-3.025492509,-2.956315656,-2.955775209,-2.925751662,-2.892758869
3.9,-3.361004688,-3.025576886,-3.020212147,-2.956659557,-2.956176385,-2.949066365,-2.955465411,-2.898051514,-3.025489205,-2.956309728,-2.95577175,-2.925749722,-2.892758869,-3.025489205,-2.956309728,-2.95577175,-2.925749722,-2.892787978
3.91,-3.361004854,-3.025575217,-3.020277147,-2.956649139,-2.956173471,-2.949070153,-2.955463232,-2.897994981,-3.02548595,-2.956303837,-2.955768334,-2.92574772,-2.892787978,-3.02548595,-2.956303837,-2.955768334,-2.92574772,-2.892816724
3.92,-3.361005013,-3.025573571,-3.020341425,-2.956638851,-2.956170567,-2.949073912,-2.955461084,-2.89793842,-3.025482744,-2.956297982,-2.95576496,-2.925745655,-2.892816724,-3.025482744,-2.956297982,-2.95576496,-2.925745655,-2.892845106
3.93,-3.361005164,-3.025571949,-3.020404986,-2.956628692,-2.956167674,-2.949077642,-2.955458966,-2.89788183,-3.025479584,-2.956292163,-2.955761627,-2.925743529,-2.892845106,-3.025479584,-2.956292163,-2.955761627,-2.925743529,-2.892873125
3.94,-3.36100531,-3.025570349,-3.020467838,-2.956618662,-2.956164789,-2.949081346,-2.955456878,-2.897825213,-3.025476471,-2.956286379,-2.955758335,-2.92574134,-2.892873125,-3.025476471,-2.956286379,-2.955758335,-2.92574134,-2.892900781
3.95,-3.361005449,-3.025568771,-3.020529984,-2.956608762,-2.956161912,-2.949085026,-2.955454819,-2.897768568,-3.025473403,-2.95628063,-2.955755083,-2.925739089,-2.892900781,-3.025473403,-2.95628063,-2.955755083,-2.925739089,-2.892928073
3.96,-3.361005582,-3.025567215,-3.020591432,-2.95659899,-2.956159041,-2.949088685,-2.955452789,-2.897711897,-3.025470381,-2.956274917,-2.95575187,-2.925736775,-2.892928073,-3.025470381,-2.956274917,-2.95575187,-2.925736775,-2.892928073
3.97,-3.361005709,-3.02556568,-3.020652188,-2.956589347,-2.956156177,-2.949092323,-2.955450787,-2.8976552,-3.025467402,-2.956269238,-2.955748697,-2.925734398,-2.892955002,-3.025467402,-2.956269238,-2.955748697,-2.925734398,-2.892955002
3.98,-3.36100583,-3.025564165,-3.020712256,-2.956579832,-2.956153317,-2.949095943,-2.955448813,-2.897598477,-3.025464468,-2.956263593,-2.955745562,-2.925731958,-2.892981568,-3.025464468,-2.956263593,-2.955745562,-2.925731958,-2.892981568
3.99,-3.361005946,-3.025562672,-3.020771643,-2.956570446,-2.956150461,-2.949099548,-2.955446866,-2.897541729,-3.025461576,-2.956257984,-2.955742464,-2.925729455,-2.893007771,-3.025461576,-2.956257984,-2.955742464,-2.925729455,-2.893007771
4,-3.361006057,-3.025561198,-3.020830355,-2.956561187,-2.956147609,-2.949103139,-2.955444947,-2.897484956,-3.025458727,-2.956252408,-2.955739404,-2.925726889,-2.89303361,-3.025458727,-2.956252408,-2.955739404,-2.925726889,-2.89303361
4.01,-3.361006162,-3.025559744,-3.020888397,-2.956552057,-2.956144758,-2.949106718,-2.955443054,-2.89742816,-3.02545592,-2.956246866,-2.955736381,-2.925724259,-2.893059086,-3.02545592,-2.956246866,-2.955736381,-2.925724259,-2.893059086
4.02,-3.361006263,-3.025558309,-3.020945776,-2.956543054,-2.956141908,-2.949110287,-2.955441188,-2.89737134,-3.025453154,-2.956241359,-2.955733394,-2.925721565,-2.893084199,-3.025453154,-2.956241359,-2.955733394,-2.925721565,-2.893084199
4.03,-3.36100636,-3.025556894,-3.021002497,-2.956534178,-2.956139057,-2.949113849,-2.955439347,-2.897314497,-3.025450428,-2.956235885,-2.955730443,-2.925718808,-2.893108947,-3.025450428,-2.956235885,-2.955730443,-2.925718808,-2.893108947
4.04,-3.361006451,-3.025555497,-3.021058567,-2.95652543,-2.956136206,-2.949117404,-2.955437532,-2.897257632,-3.025447742,-2.956230444,-2.955727526,-2.925715987,-2.893133332,-3.025447742,-2.956230444,-2.955727526,-2.925715987,-2.893133332
4.05,-3.361006539,-3.025554118,-3.02111399,-2.956516808,-2.956133354,-2.949120956,-2.955435742,-2.897200746,-3.025445095,-2.956225037,-2.955724644,-2.925713102,-2.893157353,-3.025445095,-2.956225037,-2.955724644,-2.925713102,-2.893157353
4.06,-3.361006623,-3.025552757,-3.021168774,-2.956508314,-2.956130498,-2.949124506,-2.955433977,-2.897143838,-3.025442487,-2.956219663,-2.955721797,-2.925710153,-2.89318101,-3.025442487,-2.956219663,-2.955721797,-2.925710153,-2.89318101
4.07,-3.361006703,-3.025551413,-3.021222923,-2.956499946,-2.956127638,-2.949128055,-2.955432235,-2.897086911,-3.025439917,-2.956214322,-2.955718982,-2.92570714,-2.893204303,-3.025439917,-2.956214322,-2.955718982,-2.92570714,-2.893204303
4.08,-3.361006779,-3.025550087,-3.021276444,-2.956491704,-2.956124774,-2.949131607,-2.955430518,-2.897029963,-3.025437385,-2.956209013,-2.955716201,-2.925704062,-2.893227231,-3.025437385,-2.956209013,-2.955716201,-2.925704062,-2.893227231
4.09,-3.361006851,-3.025548778,-3.021329342,-2.956483588,-2.956121904,-2.949135162,-2.955428824,-2.896972996,-3.025434889,-2.956203738,-2.955713453,-2.92570092,-2.893249795,-3.025434889,-2.956203738,-2.955713453,-2.92570092,-2.893249795
4.1,-3.36100692,-3.025547485,-3.021381623,-2.956475598,-2.956119028,-2.949138723,-2.955427154,-2.896916011,-3.02543243,-2.956198495,-2.955710736,-2.925697713,-2.893271993,-3.02543243,-2.956198495,-2.955710736,-2.925697713,-2.893271993
4.11,-3.361006986,-3.025546209,-3.021433294,-2.956467734,-2.956116144,-2.949142291,-2.955425506,-2.896859007,-3.025430007,-2.956193284,-2.955708051,-2.925694442,-2.893293826,-3.025430007,-2.956193284,-2.955708051,-2.925694442,-2.893293826
4.12,-3.361007048,-3.025544949,-3.02148436,-2.956459994,-2.956113252,-2.949145868,-2.95542388,-2.896801987,-3.025427619,-2.956188106,-2.955705397,-2.925691106,-2.893315294,-3.025427619,-2.956188106,-2.955705397,-2.925691106,-2.893315294
4.13,-3.361007108,-3.025543705,-3.021534826,-2.95645238,-2.956110351,-2.949149456,-2.955422277,-2.896744949,-3.025425265,-2.956182959,-2.955702774,-2.925687705,-2.893336396,-3.025425265,-2.956182959,-2.955702774,-2.925687705,-2.893336396
4.14,-3.361007164,-3.025542476,-3.021584699,-2.95644489,-2.956107441,-2.949153058,-2.955420696,-2.896687896,-3.025422946,-2.956177845,-2.95570018,-2.925684239,-2.893357132,-3.025422946,-2.956177845,-2.95570018,-2.925684239,-2.893357132
4.15,-3.361007218,-3.025541262,-3.021633983,-2.956437525,-2.956104519,-2.949156673,-2.955419135,-2.896630827,-3.025420661,-2.956172763,-2.955697617,-2.925680709,-2.893377502,-3.025420661,-2.956172763,-2.955697617,-2.925680709,-2.893377502
4.16,-3.361007269,-3.025540063,-3.021682686,-2.956430283,-2.956101587,-2.949160306,-2.955417597,-2.896573744,-3.025418409,-2.956167712,-2.955695083,-2.925677113,-2.893397505,-3.025418409,-2.956167712,-2.955695083,-2.925677113,-2.893397505
4.17,-3.361007318,-3.025538879,-3.021730812,-2.956423164,-2.956098642,-2.949163956,-2.955416078,-2.896516646,-3.025416189,-2.956162693,-2.955692577,-2.925673452,-2.89341714,-3.025416189,-2.956162693,-2.955692577,-2.925673452,-2.89341714
4.18,-3.361007364,-3.025537709,-3.021778368,-2.956416169,-2.956095685,-2.949167626,-2.955414581,-2.896459535,-3.025414002,-2.956157705,-2.9556901,-2.925669725,-2.893436408,-3.025414002,-2.956157705,-2.9556901,-2.925669725,-2.893436408
4.19,-3.361007408,-3.025536553,-3.021825358,-2.956409296,-2.956092715,-2.949171318,-2.955413103,-2.896402412,-3.025411847,-2.956152748,-2.955687651,-2.925665934,-2.893455309,-3.025411847,-2.956152748,-2.955687651,-2.925665934,-2.893455309
4.2,-3.36100745,-3.025535411,-3.021871789,-2.956402545,-2.956089731,-2.949175032,-2.955411646,-2.896345276,-3.025409723,-2.956147823,-2.955685229,-2.925662077,-2.893473841,-3.025409723,-2.956147823,-2.955685229,-2.925662077,-2.893473841
4.21,-3.361007489,-3.025534283,-3.021917667,-2.956395915,-2.956086732,-2.949178772,-2.955410207,-2.896288129,-3.025407629,-2.956142929,-2.955682834,-2.925658154,-2.893492004,-3.025407629,-2.956142929,-2.955682834,-2.925658154,-2.893492004
4.22,-3.361007527,-3.025533169,-3.021962996,-2.956389406,-2.956083718,-2.949182538,-2.955408789,-2.896230971,-3.025405566,-2.956138065,-2.955680466,-2.925654166,-2.893509799,-3.025405566,-2.956138065,-2.955680466,-2.925654166,-2.893509799
4.23,-3.361007562,-3.025532067,-3.022007782,-2.956383017,-2.95608069,-2.949186333,-2.955407389,-2.896173803,-3.025403533,-2.956133233,-2.955678125,-2.925650112,-2.893527223,-3.025403533,-2.956133233,-2.955678125,-2.925650112,-2.893527223
4.24,-3.361007596,-3.025530979,-3.022052031,-2.956376748,-2.956077646,-2.949190157,-2.955406007,-2.896116625,-3.02540153,-2.956128431,-2.955675809,-2.925645993,-2.893544278,-3.02540153,-2.956128431,-2.955675809,-2.925645993,-2.893544278
4.25,-3.361007628,-3.025529903,-3.022095748,-2.956370597,-2.956074585,-2.949194012,-2.955404645,-2.896059439,-3.025399555,-2.956123659,-2.955673518,-2.925641808,-2.893560962,-3.025399555,-2.956123659,-2.955673518,-2.925641808,-2.893560962
4.26,-3.361007658,-3.02552884,-3.022138939,-2.956364564,-2.956071508,-2.9491979,-2.9554033,-2.896002244,-3.025397609,-2.956118919,-2.955671253,-2.925637557,-2.893577276,-3.025397609,-2.956118919,-2.955671253,-2.925637557,-2.893577276
4.27,-3.361007686,-3.02552779,-3.02218161,-2.956358649,-2.956068415,-2.949201822,-2.955401973,-2.895945043,-3.025395691,-2.956114208,-2.955669012,-2.92563324,-2.893593217,-3.025395691,-2.956114208,-2.955669012,-2.92563324,-2.893593217
4.28,-3.361007713,-3.025526751,-3.022223765,-2.956352849,-2.956065305,-2.949205781,-2.955400664,-2.895887834,-3.025393801,-2.956109528,-2.955666795,-2.925628858,-2.893608787,-3.025393801,-2.956109528,-2.955666795,-2.925628858,-2.893608787
4.29,-3.361007738,-3.025525725,-3.02226541,-2.956347164,-2.956062178,-2.949209776,-2.955399372,-2.89583062,-3.025391938,-2.956104878,-2.955664602,-2.925624409,-2.893623984,-3.025391938,-2.956104878,-2.955664602,-2.925624409,-2.893623984
4.3,-3.361007762,-3.02552471,-3.02230655,-2.956341594,-2.956059034,-2.949213811,-2.955398097,-2.8957734,-3.025390102,-2.956100258,-2.955662433,-2.925619895,-2.893638809,-3.025390102,-2.956100258,-2.955662433,-2.925619895,-2.893638809
4.31,-3.361007785,-3.025523707,-3.022347191,-2.956336136,-2.956055874,-2.949217886,-2.955396838,-2.895716176,-3.025388292,-2.956095668,-2.955660287,-2.925615314,-2.893653259,-3.025388292,-2.956095668,-2.955660287,-2.925615314,-2.893653259
4.32,-3.361007806,-3.025522716,-3.022387338,-2.956330791,-2.956052697,-2.949222002,-2.955395597,-2.895658947,-3.025386508,-2.956091107,-2.955658164,-2.925610668,-2.893667336,-3.025386508,-2.956091107,-2.955658164,-2.925610668,-2.893667336
4.33,-3.361007826,-3.025521736,-3.022426995,-2.956325556,-2.956049503,-2.949226162,-2.955394371,-2.895601716,-3.025384751,-2.956086577,-2.955656063,-2.925605955,-2.893681037,-3.025384751,-2.956086577,-2.955656063,-2.925605955,-2.893681037
4.34,-3.361007845,-3.025520766,-3.02246617,-2.95632043,-2.956046294,-2.949230367,-2.955393162,-2.895544482,-3.025383018,-2.956082075,-2.955653982,-2.925601175,-2.893694364,-3.025383018,-2.956082075,-2.955653982,-2.925601175,-2.893694364
4.35,-3.361007863,-3.025519808,-3.022504865,-2.956315412,-2.956043068,-2.949234617,-2.955391968,-2.895487246,-3.025381311,-2.956077604,-2.955651924,-2.92559633,-2.893707314,-3.025381311,-2.956077604,-2.955651924,-2.92559633,-2.893707314
4.36,-3.361007879,-3.025518861,-3.022543088,-2.956310502,-2.956039828,-2.949238915,-2.95539079,-2.895430008,-3.025379627,-2.956073161,-2.955649888,-2.925591419,-2.893719884,-3.025379627,-2.956073161,-2.955649888,-2.925591419,-2.893719884
4.37,-3.361007895,-3.025517924,-3.022580842,-2.956305696,-2.956036572,-2.949243262,-2.955389627,-2.895372771,-3.025377969,-2.956068748,-2.955647873,-2.925586442,-2.893732081,-3.025377969,-2.956068748,-2.955647873,-2.925586442,-2.893732081
4.38,-3.361007909,-3.025516998,-3.022618126,-2.956300994,-2.956033301,-2.949247659,-2.95538848,-2.895315533,-3.025376334,-2.956064365,-2.955645879,-2.925581399,-2.893743901,-3.025376334,-2.956064365,-2.955645879,-2.925581399,-2.893743901
4.39,-3.361007923,-3.025516082,-3.022654959,-2.956296394,-2.956030017,-2.949252106,-2.955387347,-2.895258297,-3.025374722,-2.95606001,-2.955643905,-2.925576289,-2.893755341,-3.025374722,-2.95606001,-2.955643905,-2.925576289,-2.893755341
4.4,-3.361007935,-3.025515177,-3.022691338,-2.956291895,-2.956026719,-2.949256607,-2.955386229,-2.895201062,-3.025373133,-2.956055684,-2.955641951,-2.925571114,-2.893766403,-3.025373133,-2.956055684,-2.955641951,-2.925571114,-2.893766403
4.41,-3.361007947,-3.025514281,-3.022727269,-2.956287495,-2.956023408,-2.949261161,-2.955385125,-2.89514383,-3.025371568,-2.956051387,-2.955640017,-2.925565872,-2.893777085,-3.025371568,-2.956051387,-2.955640017,-2.925565872,-2.893777085
4.42,-3.361007958,-3.025513395,-3.022762757,-2.956283192,-2.956020086,-2.949265771,-2.955384035,-2.8950866,-3.025370024,-2.956047119,-2.955638102,-2.925560564,-2.893787387,-3.025370024,-2.956047119,-2.955638102,-2.925560564,-2.893787387
4.43,-3.361007968,-3.02551252,-3.022797806,-2.956278985,-2.956016752,-2.949270436,-2.95538296,-2.895029374,-3.025368503,-2.95604288,-2.955636206,-2.92555519,-2.893797308,-3.025368503,-2.95604288,-2.955636206,-2.92555519,-2.893797308
4.44,-3.361007977,-3.025511654,-3.022832422,-2.956274871,-2.956013408,-2.94927516,-2.955381898,-2.894972153,-3.025367004,-2.956038669,-2.955634329,-2.925549749,-2.893806847,-3.025367004,-2.956038669,-2.955634329,-2.925549749,-2.893806847
4.45,-3.361007985,-3.025510797,-3.022866608,-2.95627085,-2.956010054,-2.949279942,-2.95538085,-2.894914937,-3.025365525,-2.956034487,-2.95563247,-2.925544243,-2.893816003,-3.025365525,-2.956034487,-2.95563247,-2.925544243,-2.893816003
4.46,-3.361007993,-3.02550995,-3.022900371,-2.956266918,-2.956006692,-2.949284784,-2.955379815,-2.894857727,-3.025364068,-2.956030333,-2.955630629,-2.92553867,-2.893824777,-3.025364068,-2.956030333,-2.955630629,-2.92553867,-2.893824777
4.47,-3.361008,-3.025509112,-3.022933714,-2.956263075,-2.956003322,-2.949289686,-2.955378793,-2.894800523,-3.025362632,-2.956026208,-2.955628806,-2.925533031,-2.893833167,-3.025362632,-2.956026208,-2.955628806,-2.925533031,-2.893833167
4.48,-3.361008007,-3.025508284,-3.022966642,-2.956259318,-2.955999945,-2.949294651,-2.955377784,-2.894743326,-3.025361216,-2.956022111,-2.955627001,-2.925527327,-2.893841172,-3.025361216,-2.956022111,-2.955627001,-2.925527327,-2.893841172
4.49,-3.361008012,-3.025507465,-3.02299916,-2.956255646,-2.955996562,-2.94929968,-2.955376788,-2.894686138,-3.025359821,-2.956018041,-2.955625213,-2.925521556,-2.893848792,-3.025359821,-2.956018041,-2.955625213,-2.925521556,-2.893848792
4.5,-3.361008018,-3.025506654,-3.023031272,-2.956252057,-2.955993175,-2.949304772,-2.955375804,-2.894628919,-3.025358445,-2.956014,-2.955623441,-2.925515719,-2.893856027,-3.025358445,-2.956014,-2.955623441,-2.925515719,-2.893856027
